unique_id,name,region,city,facility_type,facility_tier_label,latitude,longitude,region_mds,region_desert_label,service_gap_score,facility_integrity_risk,access_bonus,facility_desert_overlay,facility_desert_label,has_emergency_medicine,has_surgery,has_obstetrics,has_icu,has_radiology,has_infectious_disease,has_mental_health,has_pediatrics,ghost_probability_score,total_stat_anomalies,capability_is_valid,data_completeness_score,rag_quality_score,emergency_readiness_score,critical_care_score,accepts_volunteers,is_ngo,is_hospital,is_clinic,doctors,beds,schema_version
85977613-810b-429f-887f-18b2dd7964dd,Salaga District Hospital,Savannah,Salaga,hospital,Secondary,8.55,-0.5167,0.8736,Severe Desert,1.0,0.5095,0.036,0.8596,Severe Desert,False,False,False,False,False,False,False,False,0.58,0,False,0.431,0.24,0.0,0.0,False,False,True,False,0,0,v12
c58a4b6f-a843-44dd-9951-cbb61c5952ba,Bole Hospital,Savannah,Bole,hospital,Secondary,9.0167,-2.4833,0.8736,Severe Desert,1.0,0.5095,0.036,0.8596,Severe Desert,False,False,False,False,False,False,False,False,0.58,0,False,0.431,0.24,0.0,0.0,False,False,True,False,0,0,v12
b732ab2c-4257-483a-8890-c9d4c606d909,St. Lucas Catholic Hospital,Upper East,Wiaga,hospital,Secondary,10.78,-1.05,0.8433,Severe Desert,1.0,0.6073,0.069,0.8559,Severe Desert,False,False,False,False,False,False,False,False,0.76,1,False,0.3235,0.46,0.0,0.0,False,False,True,False,0,0,v12
26921090-d867-4ad9-9228-310b654e02a5,Tindonsobligo Clinic,Upper East,Bolgatanga,hospital,Secondary,10.7861,-0.8522,0.8433,Severe Desert,1.0,0.5095,0.0465,0.8434,Severe Desert,False,False,False,False,False,False,False,False,0.58,0,False,0.391,0.31,0.0,0.0,False,False,True,False,0,0,v12
4e270db4-7d91-4fc0-96d1-89a0f4244d51,Wipe-Away Foundation,Savannah,Damongo,,Other,9.0833,-1.8167,0.8736,Severe Desert,1.0,0.4125,0.107,0.838,Severe Desert,False,False,False,False,False,False,False,False,0.4,0,False,0.6035,0.38,0.0,0.0,False,True,False,False,0,0,v12
52e97663-ba55-4fa4-b193-3c1a31663ad1,St. Anne’s Catholic Hospital,Savannah,Damongo,hospital,Secondary,9.0833,-1.8167,0.8736,Severe Desert,1.0,0.342,0.0615,0.832,Severe Desert,False,False,False,False,False,False,False,False,0.43,0,False,0.391,0.41,0.0,0.0,False,False,True,False,0,0,v12
97f9304f-5c8c-458d-af71-69c69c8a7cc1,Salifu Memorial Clinic,Upper East,Bawku,hospital,Secondary,11.0583,-0.2417,0.8433,Severe Desert,1.0,0.4375,0.054,0.8319,Severe Desert,False,False,False,False,False,False,False,False,0.4,0,False,0.5135,0.36,0.0,0.0,False,False,True,False,0,0,v12
e827a9e8-4ddc-4201-b961-3dd4908a269f,Presbyterian Community Based Rehabilitation,Upper East,Sandema,,Other,10.78,-1.05,0.8433,Severe Desert,1.0,0.315,0.1055,0.8084,Severe Desert,False,False,False,False,False,False,False,False,0.3,0,False,0.4235,0.37,0.0,0.0,False,True,False,False,0,0,v12
0e9926c2-0ecc-487f-b5a9-cfcdaa1260ad,AKOMADE CLINIC,Bono East,Atebubu,clinic,Primary/Clinic,7.75,-0.9833,0.6859,Moderate Desert,1.0,0.6965,0.036,0.7938,Moderate Desert,False,False,False,False,False,False,False,False,0.86,0,False,0.346,0.24,0.0,0.0,False,False,False,True,0,0,v12
3388b9e2-fe11-4797-83b0-79253a284645,Azimbe Hospital,Upper East,Bawku,hospital,Secondary,11.0583,-0.2417,0.8433,Severe Desert,1.0,0.159,0.075,0.788,Moderate Desert,False,False,False,False,False,False,False,False,0.21,0,False,0.586,0.5,0.0,0.0,False,False,True,False,0,0,v12
6506baa0-eb77-4da3-a2f5-401e2500baea,Sefwi Bekwai Health Centre,Western North,Sefwi Bekwai,clinic,Primary/Clinic,6.3833,-2.3833,0.6671,Moderate Desert,1.0,0.6965,0.036,0.7844,Moderate Desert,False,False,False,False,False,False,False,False,0.86,0,False,0.256,0.24,0.0,0.0,False,False,False,True,0,0,v12
a8dbd641-577e-4a0c-a037-7eca32aefcc6,Valley View Adventist Hospi,Bono East,Techiman,hospital,Secondary,7.5833,-1.9333,0.6859,Moderate Desert,1.0,0.5095,0.036,0.7658,Moderate Desert,False,False,False,False,False,False,False,False,0.58,0,False,0.431,0.24,0.0,0.0,False,False,True,False,0,0,v12
63a0bd41-0134-45bb-b2c3-5fea8be6815b,Wassa Akropong Government Hospital,Upper West,Manso Amenfi,hospital,Secondary,10.25,-2.32,0.605,Marginal,1.0,0.7748,0.054,0.7633,Moderate Desert,False,False,False,False,False,False,False,False,0.91,1,False,0.3235,0.36,0.0,0.0,False,False,True,False,0,0,v12
3e51344b-ee46-4d7e-9bba-3ed62c99cbb4,Doctore Opoku Hospital (Kumasi road),Bono East,Techiman,hospital,Secondary,7.5833,-1.9333,0.6859,Moderate Desert,1.0,0.5095,0.0645,0.7629,Moderate Desert,False,False,False,False,False,False,False,False,0.58,0,False,0.4135,0.43,0.0,0.0,False,False,True,False,0,0,v12
d7405388-0fab-4949-8f88-51399c875352,Atebubu Government Hospital,Bono East,Atebubu,hospital,Secondary,7.75,-0.9833,0.6859,Moderate Desert,1.0,0.5095,0.0645,0.7629,Moderate Desert,False,False,False,False,False,False,False,False,0.58,0,False,0.4535,0.43,0.0,0.0,False,False,True,False,0,0,v12
c124e5ea-e7ab-481d-b343-420a6d77ddb6,Wecheau Health Centre,Upper West,Wechiau,clinic,Primary/Clinic,10.25,-2.32,0.605,Marginal,1.0,0.7415,0.0255,0.7612,Moderate Desert,False,False,False,False,False,False,False,False,0.91,0,False,0.256,0.17,0.0,0.0,False,False,False,True,0,0,v12
5504ee71-2915-4f9b-85cd-41fb78221221,Offinsoman Pharmacy,Upper West,Offinso,pharmacy,Other,7.1167,-1.6333,0.605,Marginal,1.0,0.719,0.024,0.758,Moderate Desert,False,False,False,False,False,False,False,False,0.86,0,False,0.305,0.16,0.0,0.0,False,False,False,False,0,0,v12
4ebc4797-1060-4b65-89e8-c855a7abefc7,Wassa Mampong Health Center,Upper West,Mampong,clinic,Primary/Clinic,7.0667,-1.4,0.605,Marginal,1.0,0.719,0.036,0.7568,Moderate Desert,False,False,False,False,False,False,False,False,0.86,0,False,0.346,0.24,0.0,0.0,False,False,False,True,0,0,v12
9fcbf2e8-2e38-426c-b33a-3d94f6549c3a,Daffiama Health Centre,Upper West,Daffiama,clinic,Primary/Clinic,10.45,-2.45,0.605,Marginal,1.0,0.6965,0.036,0.7534,Moderate Desert,False,False,False,False,False,False,False,False,0.86,0,False,0.301,0.24,0.0,0.0,False,False,False,True,0,0,v12
53538640-b535-439e-bd25-b2c13bb708e2,Assin Nyankomasi CHPS Compoun,Central,Asin,chps,CHPS,5.36,-1.22,0.5883,Marginal,1.0,0.7415,0.033,0.7521,Moderate Desert,False,False,False,False,False,False,False,False,0.91,0,False,0.256,0.22,0.0,0.0,False,False,False,True,0,0,v12
734cb9a6-1e57-40e3-a0d3-f8015e791594,Nadowli District Hospital,Upper West,Nadawli,hospital,Secondary,10.6,-2.75,0.605,Marginal,1.0,0.6965,0.054,0.7516,Moderate Desert,False,False,False,False,False,False,False,False,0.86,0,False,0.3235,0.36,0.0,0.0,False,False,True,False,0,0,v12
872bcc1a-e53e-4300-ad62-f0f4b718b0eb,The David's Medical Centre,Bono East,Yabraso,hospital,Secondary,7.6,-1.0,0.6859,Moderate Desert,1.0,0.4365,0.069,0.7515,Moderate Desert,False,False,False,False,False,False,False,False,0.41,0,False,0.5185,0.46,0.0,0.0,False,False,True,False,0,0,v12
000b3ffe-f91f-4070-9009-fa79b97ea006,Sda Clinic,Central,Dominase,hospital,Secondary,5.36,-1.22,0.5883,Marginal,1.0,0.7288,0.0405,0.7494,Moderate Desert,False,False,False,False,False,False,False,False,0.87,1,False,0.346,0.27,0.0,0.0,False,False,True,False,0,0,v12
4ca6be53-559e-4cf4-9424-b0ab5bfe8ef1,Kintampo Sunkwa Clinic,Bono East,Kintampo,clinic,Primary/Clinic,8.05,-1.7167,0.6859,Moderate Desert,1.0,0.3725,0.036,0.7452,Moderate Desert,False,False,False,False,False,False,False,False,0.4,0,False,0.491,0.24,0.0,0.0,False,False,False,True,0,0,v12
5f0cdb26-dfd6-46d9-86bd-de3cc67bb570,Obosomase RCH,Unknown,Obosomase,clinic,Primary/Clinic,7.9465,-1.0232,0.5306,Marginal,1.0,0.8758,0.018,0.7449,Moderate Desert,False,False,False,False,False,False,False,False,1.0,1,False,0.22,0.12,-0.1,0.0,False,False,False,True,0,0,v12
3776c2d9-0fcb-4b81-9fca-52fdf70086c2,Kojokumikrom Rural Clinic,Unknown,Sromani,hospital,Secondary,7.9465,-1.0232,0.5306,Marginal,1.0,0.8758,0.018,0.7449,Moderate Desert,False,False,False,False,False,False,False,False,1.0,1,False,0.261,0.12,-0.1,0.0,False,False,True,False,0,0,v12
da3b5c21-1ec2-4545-936d-b9648b6116c7,Enchi Government Hospital,Western North,Enchi,hospital,Secondary,6.3,-2.7,0.6671,Moderate Desert,1.0,0.4365,0.051,0.7439,Moderate Desert,False,False,False,False,False,False,False,False,0.41,0,False,0.446,0.34,0.0,0.0,False,False,True,False,0,0,v12
d5ff4c26-e397-424e-ab43-1b9282fc094c,Enchi Government Hospital,Western North,Enchi,hospital,Secondary,6.3,-2.7,0.6671,Moderate Desert,1.0,0.4365,0.0615,0.7429,Moderate Desert,False,False,False,False,False,False,False,False,0.41,0,False,0.446,0.41,0.0,0.0,False,False,True,False,0,0,v12
6df70c73-b7f5-4955-973a-1fc52e1e0212,Woodland Medical Centre,Bono East,Atebubu,hospital,Secondary,7.75,-0.9833,0.6859,Moderate Desert,1.0,0.3665,0.072,0.7407,Moderate Desert,False,False,False,False,False,False,False,False,0.36,0,False,0.6485,0.48,0.0,0.0,False,False,True,False,0,0,v12
a1dbc816-843d-4dc5-b7f4-73234ef88094,Virtue Medical Centre,Upper West,,hospital,Secondary,10.25,-2.32,0.605,Marginal,1.0,0.6073,0.0405,0.7395,Moderate Desert,False,False,False,False,False,False,False,False,0.76,1,False,0.301,0.27,0.0,0.0,False,False,True,False,0,0,v12
c501cf7f-ebe8-4b96-8d17-a74f87b2b724,Matthias Catholic Hospital,Bono East,Yeji,hospital,Secondary,7.5833,-1.9333,0.6859,Moderate Desert,1.0,0.342,0.069,0.7374,Moderate Desert,False,False,False,False,False,False,False,False,0.43,0,False,0.3635,0.46,0.0,0.0,False,False,True,False,0,0,v12
4bf2aca7-c7a4-49b0-b268-9c4510daaa7e,Dande Natural Herbal Clinic,Bono East,Techiman,alternative_medicine,Other,7.5833,-1.9333,0.6859,Moderate Desert,1.0,0.3265,0.087,0.7332,Moderate Desert,False,False,False,False,False,False,False,False,0.36,0,False,0.6085,0.58,0.0,0.0,False,False,False,False,0,0,v12
568c94cc-6302-452c-b2c4-7a3f25f4a9ce,Sincere Herbal Research and Treatment Center,Bono East,Kintampo,alternative_medicine,Other,8.05,-1.7167,0.6859,Moderate Desert,1.0,0.3265,0.0945,0.7325,Moderate Desert,False,False,False,False,False,True,False,False,0.36,0,False,0.6375,0.63,0.0,0.0,False,False,False,False,0,0,v12
a8c9779f-7f0c-467f-88ce-fa380eee3cea,Divine Trinity Health Center,Western North,Sefwi Bekwai,clinic,Primary/Clinic,6.3833,-2.3833,0.6671,Moderate Desert,1.0,0.3445,0.036,0.7316,Moderate Desert,False,False,False,False,False,False,False,False,0.23,0,False,0.5,0.24,0.0,0.0,False,False,False,True,0,0,v12
70816bee-5bee-48b9-a90a-e509de2ac5bf,Bibiani Municipal Hospital,Western North,Bibiani,hospital,Secondary,6.45,-2.35,0.6671,Moderate Desert,1.0,0.3665,0.0795,0.7306,Moderate Desert,False,False,False,False,False,False,False,False,0.36,0,False,0.6085,0.53,0.0,0.0,False,False,True,False,0,0,v12
9e77dc3b-aaac-4fe7-9396-6ce796952bd3,Juabo Community Clinic,Upper West,,clinic,Primary/Clinic,10.25,-2.32,0.605,Marginal,1.0,0.5613,0.0765,0.7291,Moderate Desert,False,False,False,False,False,False,False,False,0.72,1,False,0.26,0.51,0.0,0.0,False,False,False,True,0,0,v12
4ea451e9-87c5-40ce-b5ed-bbeb1feda053,St. Gregory Catholic Hospital,Central,Gomaa Buduburam,hospital,Secondary,5.36,-1.22,0.5883,Marginal,1.0,0.6073,0.0615,0.7291,Moderate Desert,False,False,False,False,False,False,False,False,0.76,1,False,0.3235,0.41,0.0,0.0,False,False,True,False,0,0,v12
f5b8bd79-53e8-4fde-bfec-0e430c358ded,Foundation Human Nature,Unknown,,,Other,7.9465,-1.0232,0.5306,Marginal,1.0,0.8425,0.189,0.7228,Moderate Desert,False,False,False,False,False,False,False,False,1.0,0,False,0.2025,0.26,-0.1,0.0,True,True,False,False,0,0,v12
f9a48387-dc07-495e-a4a3-755b28436826,Gwollu Hospital,Upper West,Gwo,hospital,Secondary,10.25,-2.32,0.605,Marginal,1.0,0.4825,0.0255,0.7223,Moderate Desert,False,False,False,False,False,False,False,False,0.45,0,False,0.476,0.17,0.0,0.0,False,False,True,False,0,0,v12
bbd58e6d-546b-4533-afb8-cec058fcbc2a,Walewale District Hospital,Northern,Walewale,hospital,Secondary,10.3667,-0.8,0.599,Marginal,1.0,0.5095,0.036,0.7223,Moderate Desert,False,False,False,False,False,False,False,False,0.58,0,False,0.391,0.24,0.0,0.0,False,False,True,False,0,0,v12
fbf98c9c-5fe4-462e-b526-2837a4b1dbd9,Tamale West Hospital,Northern,Tamale,hospital,Secondary,9.4075,-0.8533,0.599,Marginal,1.0,0.5095,0.036,0.7223,Moderate Desert,False,False,False,False,False,False,False,False,0.58,0,False,0.391,0.24,0.0,0.0,False,False,True,False,0,0,v12
f31cb277-c33e-4a79-bef4-eacb5196824a,Church of Christ Health Centre,Northern,Yendi,clinic,Primary/Clinic,9.4417,-0.0083,0.599,Marginal,1.0,0.5095,0.036,0.7223,Moderate Desert,False,False,False,False,False,False,False,False,0.58,0,False,0.391,0.24,0.0,0.0,False,False,False,True,0,0,v12
5272393a-ee7b-47f1-917d-2a0c5da214dc,Yendi District Hospital,Northern,Yendi,hospital,Secondary,9.4417,-0.0083,0.599,Marginal,1.0,0.5095,0.054,0.7205,Moderate Desert,False,False,False,False,False,False,False,False,0.58,0,False,0.4135,0.36,0.0,0.0,False,False,True,False,0,0,v12
2353e3b9-a809-4062-9481-05305d49a679,Cape Coast Metropolitan Hospital,Central,Cape Coast,hospital,Secondary,5.1053,-1.2466,0.5883,Marginal,1.0,0.5095,0.036,0.717,Moderate Desert,False,False,False,False,False,False,False,False,0.58,0,False,0.431,0.24,0.0,0.0,False,False,True,False,0,0,v12
213686a6-b45e-4957-8e06-3f6b4da7c12d,Tolon District Hospital,Northern,Tolon,hospital,Secondary,9.54,-0.9,0.599,Marginal,1.0,0.4825,0.054,0.7165,Moderate Desert,False,False,False,False,False,False,False,False,0.45,0,False,0.3985,0.36,0.0,0.0,False,False,True,False,0,0,v12
8d327a3e-841f-40b0-b69a-668bf0998f63,Our Lady of Grace Catholic Hospital,Central,Breman Asikuma,hospital,Secondary,5.7333,-1.1167,0.5883,Marginal,1.0,0.529,0.072,0.7163,Moderate Desert,False,False,False,False,False,False,False,False,0.71,0,False,0.301,0.48,0.0,0.0,False,False,True,False,0,0,v12
2fbdd949-fe72-4797-b78b-6af302463542,"Ahmadiyya Muslim Hospital, Techiman",Bono East,Techiman,hospital,Secondary,7.5833,-1.9333,0.6859,Moderate Desert,1.0,0.205,0.0885,0.7149,Moderate Desert,False,False,False,False,False,False,False,False,0.25,0,False,0.6535,0.59,0.0,0.0,False,False,True,False,0,0,v12
5e1632aa-37d2-45ac-a5b5-098c2d1b0325,Swedru Municipal Hospital,Central,Agona Swedru,hospital,Secondary,5.5333,-0.6833,0.5883,Marginal,1.0,0.5095,0.0645,0.7141,Moderate Desert,False,False,False,False,False,False,False,False,0.58,0,False,0.4675,0.43,0.0,0.0,False,False,True,False,0,0,v12
7ad8d7cb-153a-4c2a-81bb-c8fcf646cfc2,Boinzan Anglican Clinic,Western North,Sefwi Boinzan,clinic,Primary/Clinic,6.3,-2.7,0.6671,Moderate Desert,1.0,0.244,0.0615,0.714,Moderate Desert,False,False,False,False,False,False,False,False,0.26,0,False,0.4685,0.41,0.0,0.0,False,False,False,True,0,0,v12
e95fee9d-242b-4fa6-bdea-2bccb7da6b69,Nyohini Hospital,Northern,Tamale,hospital,Secondary,9.4075,-0.8533,0.599,Marginal,1.0,0.4635,0.0615,0.7129,Moderate Desert,False,False,False,False,False,False,False,False,0.54,0,False,0.436,0.41,0.0,0.0,False,False,True,False,0,0,v12
6cb186fa-fc5c-4d5e-bf11-57a5efb702b4,The Salvation Army Health Services,Central,Ajumako,,Other,5.3167,-1.05,0.5883,Marginal,1.0,0.529,0.107,0.7128,Moderate Desert,False,False,False,False,False,False,False,False,0.71,0,False,0.3235,0.38,0.0,0.0,False,True,False,False,0,0,v12
dc593172-f9db-420c-9c0f-abfc57a9d394,"Gwollu Hospital, Sissala West District, Gwo, Ghana",Upper West,Gwo,hospital,Secondary,10.25,-2.32,0.605,Marginal,1.0,0.4365,0.0615,0.7118,Moderate Desert,False,False,False,False,False,False,False,False,0.41,0,False,0.496,0.41,0.0,0.0,False,False,True,False,0,0,v12
a97d7edf-a243-4aff-a55b-7ad42c67e5ea,Essandoh Memorial Clinic,Unknown,Western,clinic,Primary/Clinic,7.9465,-1.0232,0.5306,Marginal,1.0,0.6783,0.0585,0.7112,Moderate Desert,False,False,False,False,False,False,False,False,0.85,1,False,0.306,0.39,-0.1,0.0,False,False,False,True,0,0,v12
89e5bbaa-a97c-4ff9-a87d-46827e2994ec,Ghana Make A Difference,Central,,,Other,5.36,-1.22,0.5883,Marginal,1.0,0.502,0.0875,0.7107,Moderate Desert,False,False,False,False,False,False,False,False,0.58,0,False,0.275,0.25,0.0,0.0,False,True,False,False,0,0,v12
5e47d7a6-7711-4ccd-8692-3fb844e0c645,"MonMed Laboratory Services, 88 Ameyaw Street, Techiman, Ghana",Bono East,Techiman,diagnostic_center,Other,7.5833,-1.9333,0.6859,Moderate Desert,1.0,0.1815,0.1065,0.7095,Moderate Desert,False,False,False,False,True,False,False,False,0.06,0,False,0.806,0.71,0.0,0.0,False,False,False,False,0,0,v12
3bf6a33a-9434-4616-a562-fc3f87712216,BAMCEC (Bishop Ackon Memorial Christian Eye Centre),Central,Cape Coast,eye_clinic,Primary/Clinic,5.1053,-1.2466,0.5883,Marginal,1.0,0.464,0.051,0.7086,Moderate Desert,False,False,False,False,False,False,False,False,0.71,0,False,0.346,0.34,0.0,0.0,False,False,False,True,0,0,v12
c9482516-561e-4f37-a4d6-65f3543d9236,ST. FF Specialist Hospital,Upper West,Nkwanta,hospital,Specialist,8.2833,0.5,0.605,Marginal,1.0,0.414,0.072,0.7074,Moderate Desert,False,False,False,False,False,False,False,False,0.36,0,False,0.586,0.48,0.0,0.0,False,False,True,False,0,0,v12
1bd41ae7-6eb3-40e1-bb22-7013a7967a24,Ajumako Hospital,Central,Ajumako,hospital,Secondary,5.3167,-1.05,0.5883,Marginal,1.0,0.483,0.0945,0.7072,Moderate Desert,False,False,False,False,False,False,False,False,0.67,0,False,0.346,0.63,0.0,0.0,False,False,True,False,0,0,v12
80296656-a224-42d4-93cf-af30b3cbf514,Abomosu Health Centre,Eastern,Abomosu,clinic,Primary/Clinic,6.15,-0.45,0.4964,Adequate,1.0,0.7415,0.0255,0.7069,Moderate Desert,False,False,False,False,False,False,False,False,0.91,0,False,0.256,0.17,0.0,0.0,False,False,False,True,0,0,v12
42f7dafd-f08e-4e37-b64b-a297d00884d2,Diabetes Youth Care,Western,,hospital,Secondary,4.9016,-2.0214,0.5425,Marginal,1.0,0.6073,0.0585,0.7065,Moderate Desert,False,False,False,False,False,False,False,False,0.76,1,False,0.301,0.39,0.0,0.0,False,False,True,False,0,0,v12
6dbf0177-e4cf-4041-aaaa-e1970857ed4d,St. Martin de Porres Catholic Hospital,Western,Eikwe,hospital,Secondary,4.9016,-2.0214,0.5425,Marginal,1.0,0.6073,0.0615,0.7062,Moderate Desert,False,False,False,False,False,False,False,False,0.76,1,False,0.3235,0.41,0.0,0.0,False,False,True,False,0,0,v12
f0656cfa-a75b-488e-81df-68a8aedc777c,"One-Heart Medical Center, Lamashegu-off Kumasi Accra road, Tamale, Ghana",Northern,Tamale,hospital,Secondary,9.4075,-0.8533,0.599,Marginal,1.0,0.4125,0.057,0.7057,Moderate Desert,False,False,False,False,False,False,False,False,0.4,0,False,0.581,0.38,0.0,0.0,False,False,True,False,0,0,v12
e85c3027-4908-4eca-832f-cc14ed247037,Huttel Health and Development Centre,Unknown,Boamadumasi,clinic,Primary/Clinic,7.9465,-1.0232,0.5306,Marginal,1.0,0.645,0.066,0.7055,Moderate Desert,False,False,False,False,False,False,False,False,0.85,0,False,0.261,0.44,-0.1,0.0,False,False,False,True,0,0,v12
3338ada9-ca84-4adb-844e-30e210a46694,Asuofua Gov. Health Centre,Ashanti,Asuofia,clinic,Primary/Clinic,6.6885,-1.6244,0.4831,Marginal,1.0,0.7748,0.0255,0.7052,Moderate Desert,False,False,False,False,False,False,False,False,0.91,1,False,0.301,0.17,0.0,0.0,False,False,False,True,0,0,v12
65739265-3594-4acd-a6fe-ce9bdec2ae49,Dunkwa Municipal Hospital,Central,Dunkwa-On-Offin,hospital,Secondary,5.9667,-1.7833,0.5883,Marginal,1.0,0.4375,0.057,0.7041,Moderate Desert,False,False,False,False,False,False,False,False,0.4,0,False,0.4235,0.38,0.0,0.0,False,False,True,False,0,0,v12
2c0f752d-ee2d-4c66-8b14-851365f938cf,Kpendua,Oti,Yabologu,hospital,Secondary,8.1833,0.4167,0.509,Marginal,1.0,0.6965,0.054,0.7036,Moderate Desert,False,False,False,False,False,False,False,False,0.86,0,False,0.3235,0.36,0.0,0.0,False,False,True,False,0,0,v12
809f0853-6f73-4e29-a445-79ab1f500c00,ST. Micheal Hospital,Ashanti,Pramiso,hospital,Secondary,6.6885,-1.6244,0.4831,Marginal,1.0,0.7748,0.0435,0.7034,Moderate Desert,False,False,False,False,False,False,False,False,0.91,1,False,0.3235,0.29,0.0,0.0,False,False,True,False,0,0,v12
9a8b9bdc-ecd4-4676-a204-989a92a52512,Nkenkasu District Hospital,Volta,Nkenkaso,hospital,Secondary,6.2333,-0.8667,0.508,Marginal,1.0,0.6965,0.054,0.7031,Moderate Desert,False,False,False,False,False,False,False,False,0.86,0,False,0.3235,0.36,0.0,0.0,False,False,True,False,0,0,v12
2c89e205-7720-438b-bd10-c50783a144c0,Pentecost Hospital Ayanfuri,Upper West,Ayanfuri,hospital,Secondary,6.0833,-1.6833,0.605,Marginal,1.0,0.3915,0.0945,0.7018,Moderate Desert,False,False,False,False,False,False,False,False,0.36,0,False,0.5185,0.63,0.0,0.0,False,False,True,False,0,0,v12
2a86a002-038f-408b-9c2b-1869ae934fb6,Kpandai District Hospital,Northern,Kpandai,hospital,Secondary,8.4667,-0.0167,0.599,Marginal,1.0,0.3915,0.069,0.7013,Moderate Desert,False,False,False,False,False,False,False,False,0.36,0,False,0.396,0.46,0.0,0.0,False,False,True,False,0,0,v12
435144de-cdee-4a0b-b2ab-cd5194f85439,Mizprom Herbal Centre,Central,Accra,alternative_medicine,Other,5.6037,-0.187,0.5883,Marginal,1.0,0.4223,0.069,0.7006,Moderate Desert,False,False,False,False,False,True,False,False,0.36,1,False,0.635,0.46,0.0,0.0,False,False,False,False,0,0,v12
2b0a6d15-6802-4ee7-9ea3-f9a36c61894a,VRA HOSPITAL ABOADZE,Western,Aboadze,hospital,Secondary,4.9016,-2.0214,0.5425,Marginal,1.0,0.5613,0.051,0.7004,Moderate Desert,False,False,False,False,False,False,False,False,0.72,1,False,0.346,0.34,0.0,0.0,False,False,True,False,0,0,v12
9eedc753-2821-4d27-9d59-fc65e3a29380,Reed Danos Medical Centre,Western North,Bibiani,clinic,Primary/Clinic,6.45,-2.35,0.6671,Moderate Desert,1.0,0.159,0.0765,0.6997,Moderate Desert,False,False,False,False,False,False,False,False,0.21,0,False,0.495,0.51,0.0,0.0,False,False,False,True,0,0,v12
5a2ed130-fd0c-4f28-9ecb-3765ce30a8fd,"Evangelical Church of Ghana Hospital, Kpandai",Northern,Kpandai,hospital,Secondary,8.4667,-0.0167,0.599,Marginal,1.0,0.3915,0.087,0.6995,Moderate Desert,False,False,False,False,False,False,False,False,0.36,0,False,0.54,0.58,0.0,0.0,False,False,True,False,0,0,v12
64e781f7-6a76-4b49-b1a1-4b14455a0a3a,Kwabeng RCH,Eastern,Kwabeng,clinic,Primary/Clinic,6.4,-0.7833,0.4964,Adequate,1.0,0.6965,0.036,0.6991,Moderate Desert,False,False,False,False,False,False,False,False,0.86,0,False,0.301,0.24,0.0,0.0,False,False,False,True,0,0,v12
e21a91aa-3a45-43e6-affb-136125afbf3e,Adjoum Community Clinic,Western,Adjoum,clinic,Primary/Clinic,4.9016,-2.0214,0.5425,Marginal,1.0,0.5613,0.066,0.6989,Moderate Desert,False,False,False,False,False,False,False,False,0.72,1,False,0.26,0.44,0.0,0.0,False,False,False,True,0,0,v12
10af5544-bddc-454b-ad1f-a73212486815,St. Edward Clinic,Western,Bogoso,hospital,Secondary,4.9016,-2.0214,0.5425,Marginal,1.0,0.5613,0.066,0.6989,Moderate Desert,False,False,False,False,False,False,False,False,0.72,1,False,0.346,0.44,0.0,0.0,False,False,True,False,0,0,v12
32eab73c-f4ae-4d04-8a7e-9b216eb6f4e1,CHAG,Unknown,Drobonso,,Other,7.9465,-1.0232,0.5306,Marginal,1.0,0.5995,0.068,0.6984,Moderate Desert,False,False,False,False,False,False,False,False,0.58,0,False,0.411,0.12,-0.1,0.0,False,True,False,False,0,0,v12
0a8f1f40-5c70-4ef7-8fed-2d085f13f7f8,Fr. Thomas Alan Rooney Memorial Catholic Hospital,Western,Asankrangua,hospital,Secondary,5.6833,-2.5167,0.5425,Marginal,1.0,0.5515,0.0615,0.6978,Moderate Desert,False,False,False,False,False,False,False,False,0.71,0,False,0.301,0.41,0.0,0.0,False,False,True,False,0,0,v12
990ec400-6b6d-469c-93d8-86a4088f66b6,Saviour's Clinic,Western,Mangoase,clinic,Primary/Clinic,4.9016,-2.0214,0.5425,Marginal,1.0,0.5613,0.0765,0.6978,Moderate Desert,False,False,False,False,False,False,False,False,0.72,1,False,0.341,0.51,0.0,0.0,False,False,False,True,0,0,v12
bccfc6f6-330c-435a-a4ab-1c6636d3cb3b,Ghana Primewood Clinic,Western,Western,clinic,Primary/Clinic,4.9016,-2.0214,0.5425,Marginal,1.0,0.5613,0.0765,0.6978,Moderate Desert,False,False,False,False,False,False,False,False,0.72,1,False,0.346,0.51,0.0,0.0,False,False,False,True,0,0,v12
60ff2a20-34fd-42d7-9851-c5509ba26a5a,Ummah Medical Center,Northern,Tamale,hospital,Secondary,9.4075,-0.8533,0.599,Marginal,1.0,0.3665,0.069,0.6976,Moderate Desert,False,False,False,False,False,False,False,False,0.36,0,False,0.626,0.46,0.0,0.0,False,False,True,False,0,0,v12
54ea35a8-47a9-47a0-b66b-bd2bde654bcd,Al-haq Herbal Center,Northern,Walewale,alternative_medicine,Other,10.3667,-0.8,0.599,Marginal,1.0,0.3665,0.072,0.6973,Moderate Desert,False,False,False,False,False,False,False,False,0.36,0,False,0.495,0.48,0.0,0.0,False,False,False,False,0,0,v12
7d512eb1-9cf1-4cd0-ad8b-59495d67b0e6,Dungu,Northern,Tamale,hospital,Secondary,9.4075,-0.8533,0.599,Marginal,1.0,0.3665,0.072,0.6973,Moderate Desert,False,False,False,False,False,False,False,False,0.36,0,False,0.536,0.48,0.0,0.0,False,False,True,False,0,0,v12
2841fd8a-88ea-4b96-bddb-5adea58bd396,God Cares Community Hospital,Northern,Tamale,hospital,Secondary,9.4075,-0.8533,0.599,Marginal,1.0,0.3665,0.072,0.6973,Moderate Desert,False,False,False,False,False,False,False,False,0.36,0,False,0.526,0.48,0.0,0.0,False,False,True,False,0,0,v12
ddb8c153-3e74-4f42-90b0-ddfb0b8f3650,Tatale District Catholic Hospital,Northern,Tatale,hospital,Secondary,9.54,-0.9,0.599,Marginal,1.0,0.3743,0.084,0.6973,Moderate Desert,False,False,False,False,False,False,False,False,0.44,1,False,0.3685,0.56,0.0,0.0,False,False,True,False,0,0,v12
6e21aa39-ef14-48f7-86fb-ff34d3da4ff4,Marie Stopes Ghana,Bono East,Techiman,,Other,7.5833,-1.9333,0.6859,Moderate Desert,0.8,0.4375,0.1145,0.6971,Moderate Desert,False,False,True,False,False,False,False,False,0.4,0,False,0.5035,0.43,0.0,0.0,False,True,False,False,0,0,v12
71bb33da-4965-4b94-b369-c8f6d3f8f064,Simpa Health Centre,Western,Simpa,clinic,Primary/Clinic,4.9016,-2.0214,0.5425,Marginal,1.0,0.5613,0.084,0.6971,Moderate Desert,False,False,False,False,False,False,False,False,0.72,1,False,0.346,0.56,0.0,0.0,False,False,False,True,0,0,v12
3c8bc588-8227-48be-8ecf-5842bb8edee5,Our Lady Of Fatima Clinic,Unknown,,clinic,Primary/Clinic,7.9465,-1.0232,0.5306,Marginal,1.0,0.589,0.069,0.6967,Moderate Desert,False,False,False,False,False,False,False,False,0.71,0,False,0.3025,0.46,-0.1,0.0,False,False,False,True,0,0,v12
5f1bf751-84f2-4a8b-907c-705a27a02650,Donkorkrom Presby Hospital,Volta,Odonkawkrom,hospital,Secondary,6.4167,-1.65,0.508,Marginal,1.0,0.6505,0.051,0.6965,Moderate Desert,False,False,False,False,False,False,False,False,0.82,0,False,0.346,0.34,0.0,0.0,False,False,True,False,0,0,v12
b79f30af-263a-421d-8706-9cd5fb6c2353,Tamale Central Hospital,Northern,Tamale,hospital,Secondary,9.4075,-0.8533,0.599,Marginal,1.0,0.3665,0.0795,0.6965,Moderate Desert,False,False,False,False,False,False,False,False,0.36,0,False,0.5585,0.53,0.0,0.0,False,False,True,False,0,0,v12
d23ba8e3-87dc-4bd2-9ad5-3c27e4090ccf,Chirano Health Centre,Western North,Bibiani,clinic,Primary/Clinic,6.45,-2.35,0.6671,Moderate Desert,1.0,0.134,0.0765,0.696,Moderate Desert,False,False,False,False,False,False,False,False,0.21,0,False,0.491,0.51,0.0,0.0,False,False,False,True,0,0,v12
476fb748-91bf-42a8-b9fa-b48922a38c71,Anhwiaso Health Centre,Unknown,Anhwiaso,clinic,Primary/Clinic,7.9465,-1.0232,0.5306,Marginal,1.0,0.573,0.054,0.6959,Moderate Desert,False,False,False,False,False,False,False,False,0.67,0,False,0.325,0.36,-0.1,0.0,False,False,False,True,0,0,v12
590bce63-122d-4ada-b5c2-d68dad57a583,St Marks Anglican Clinic,Western North,Bibiani,clinic,Primary/Clinic,6.45,-2.35,0.6671,Moderate Desert,1.0,0.134,0.087,0.6949,Moderate Desert,False,False,False,False,False,False,False,False,0.21,0,False,0.536,0.58,0.0,0.0,False,False,False,True,0,0,v12
e4a2768d-0437-4419-858d-5aba3a383bc7,Green Hill Natural Health Centre,Unknown,Kpando,clinic,Primary/Clinic,6.9833,0.3,0.5306,Marginal,1.0,0.5785,0.072,0.6949,Moderate Desert,False,False,False,False,False,False,False,False,0.64,0,False,0.325,0.48,0.0,0.0,False,False,False,True,0,0,v12
d2acd6fd-81f9-4ae0-b8db-b2564f3ff16a,"Ghapoha Hospital Takoradi, Ghana",Western,Takoradi,hospital,Secondary,4.8845,-1.7554,0.5425,Marginal,1.0,0.5095,0.036,0.6941,Moderate Desert,False,False,False,False,False,False,False,False,0.58,0,False,0.391,0.24,0.0,0.0,False,False,True,False,0,0,v12
083fab2f-2ae3-472a-b789-fce939162d77,Tarkwa Government Hospital,Western,Tarkwa,hospital,Secondary,5.3003,-1.9936,0.5425,Marginal,1.0,0.5095,0.036,0.6941,Moderate Desert,False,False,False,False,False,False,False,False,0.58,0,False,0.391,0.24,0.0,0.0,False,False,True,False,0,0,v12
26dfac77-2ca3-4ee3-87d7-59999aed91ce,Redeemer Hospital,Western,Tarkwa,hospital,Secondary,5.3003,-1.9936,0.5425,Marginal,1.0,0.5095,0.0465,0.693,Moderate Desert,False,False,False,False,False,False,False,False,0.58,0,False,0.391,0.31,0.0,0.0,False,False,True,False,0,0,v12
e0121cab-9bc1-4107-81b1-d3199731a502,St. Luke Catholic Hospital,Central,Apam,hospital,Secondary,5.36,-1.22,0.5883,Marginal,1.0,0.3743,0.0765,0.6927,Moderate Desert,False,False,False,False,False,False,False,False,0.44,1,False,0.3685,0.51,0.0,0.0,False,False,True,False,0,0,v12
571205e1-5396-4ef9-9c78-8e197e5d9664,Nkwanta Clinic,Upper West,Prestea,clinic,Primary/Clinic,5.45,-2.1333,0.605,Marginal,1.0,0.3185,0.0765,0.6926,Moderate Desert,False,False,False,False,False,False,False,False,0.39,0,False,0.431,0.51,0.0,0.0,False,False,False,True,0,0,v12
b1eae212-8ca5-44b4-ba7e-2ce6e471a455,Mankranso Government Hospital,Ashanti,Mankranso,hospital,Secondary,7.05,-2.05,0.4831,Marginal,1.0,0.6965,0.036,0.6924,Moderate Desert,False,False,False,False,False,False,False,False,0.86,0,False,0.301,0.24,0.0,0.0,False,False,True,False,0,0,v12
a70a5623-993b-4dd6-bcea-4cc6feac4575,Kwesimintsim Hospital,Western,Takoradi,hospital,Secondary,4.8845,-1.7554,0.5425,Marginal,1.0,0.5095,0.054,0.6923,Moderate Desert,False,False,False,False,False,False,False,False,0.58,0,False,0.4135,0.36,0.0,0.0,False,False,True,False,0,0,v12
56f2e3db-8ed3-4f42-8f3e-761f0e850d49,Best Care Natural Clinic,Northern,Tamale,clinic,Primary/Clinic,9.4075,-0.8533,0.599,Marginal,1.0,0.3265,0.0615,0.6923,Moderate Desert,False,False,False,False,False,False,False,False,0.36,0,False,0.581,0.41,0.0,0.0,False,False,False,True,0,0,v12
35cf049f-2029-45fc-ad9d-430843a66a27,Cathedral Herbal & Fertility Clinic,Unknown,Buduburam,alternative_medicine,Other,7.9465,-1.0232,0.5306,Marginal,1.0,0.5535,0.0615,0.6922,Moderate Desert,False,False,False,False,False,False,False,False,0.54,0,False,0.4785,0.41,-0.1,0.0,False,False,False,False,0,0,v12
3a285737-880b-49fe-903b-89f4991eb4af,Amang Health Centre,Central,Kasoa,clinic,Primary/Clinic,5.51,-0.435,0.5883,Marginal,1.0,0.3665,0.0795,0.6912,Moderate Desert,False,False,False,False,False,False,False,False,0.36,0,False,0.59,0.53,0.0,0.0,False,False,False,True,0,0,v12
54e81a7b-6d29-45e0-a4bb-85909248a730,St. Matthew’s Catholic Hospital,Volta,Apenkro,hospital,Secondary,6.8,0.3,0.508,Marginal,1.0,0.6073,0.0405,0.691,Moderate Desert,False,False,False,False,False,False,False,False,0.76,1,False,0.301,0.27,0.0,0.0,False,False,True,False,0,0,v12
d29852ca-c8f9-4976-9e08-1f8adb4ae080,Effiduase Govt. Hospital,Ashanti,Sekyere,hospital,Secondary,7.1,-1.3,0.4831,Marginal,1.0,0.6965,0.054,0.6906,Moderate Desert,False,False,False,False,False,False,False,False,0.86,0,False,0.3235,0.36,0.0,0.0,False,False,True,False,0,0,v12
adb079ad-81f9-4266-b7b0-bbc1c0fed955,Bodi Anglican Clinic,Western,Sefwi Bodi,clinic,Primary/Clinic,6.0833,-2.5167,0.5425,Marginal,1.0,0.5055,0.066,0.6905,Moderate Desert,False,False,False,False,False,False,False,False,0.67,0,False,0.22,0.44,0.0,0.0,False,False,False,True,0,0,v12
a21b01ae-dc1c-443c-abc0-65c8d5bc1d6a,Kuntanase Government Hospital,Ashanti,Kuntanase,hospital,Secondary,6.6167,-1.5333,0.4831,Marginal,1.0,0.6965,0.0645,0.6896,Moderate Desert,False,False,False,False,False,False,False,False,0.86,0,False,0.3235,0.43,0.0,0.0,False,False,True,False,0,0,v12
8c75375d-c575-40ff-b151-3fadacfaf469,St. Mary Theresa Catholic Hospital,Oti,,hospital,Secondary,7.45,0.2,0.509,Marginal,1.0,0.6073,0.0615,0.6895,Moderate Desert,False,False,False,False,False,False,False,False,0.76,1,False,0.301,0.41,0.0,0.0,False,False,True,False,0,0,v12
5b9ba0c6-aa0d-430a-9ae3-1f4e4927cb18,Wind Of Change Eyecare & Optical Centre,Central,Cape Coast,eye_clinic,Primary/Clinic,5.1053,-1.2466,0.5883,Marginal,1.0,0.3505,0.0765,0.6891,Moderate Desert,False,False,False,False,False,False,False,False,0.32,0,False,0.4985,0.51,0.0,0.0,False,False,False,True,0,0,v12
f753d71e-4faa-4f1b-ba55-fa8f65098804,Sacred Heart Catholic Hospital,Volta,Weme – Abor,hospital,Secondary,6.8,0.3,0.508,Marginal,1.0,0.6073,0.0615,0.689,Moderate Desert,False,False,False,False,False,False,False,False,0.76,1,False,0.3235,0.41,0.0,0.0,False,False,True,False,0,0,v12
557a9e52-076c-4eab-b940-f9e75ee9e4b7,St. Luke’s Catholic Hospital,Volta,Chinderi,hospital,Secondary,6.8,0.3,0.508,Marginal,1.0,0.6073,0.0615,0.689,Moderate Desert,False,False,False,False,False,False,False,False,0.76,1,False,0.3235,0.41,0.0,0.0,False,False,True,False,0,0,v12
c4ea5289-be09-4e9a-8ba8-034ec9e9db3e,Banda Ahenkro Rural Clinic,Brong-Ahafo,Banda,hospital,Secondary,7.7833,-2.2833,0.4695,Adequate,1.0,0.719,0.0465,0.688,Moderate Desert,False,False,False,False,False,False,False,False,0.86,0,False,0.301,0.31,0.0,0.0,False,False,True,False,0,0,v12
3459bc32-b451-4cb0-9994-7c6b20609bec,Offinso Health Centre,Unknown,Kawkawti,clinic,Primary/Clinic,7.1167,-1.6333,0.5306,Marginal,1.0,0.5095,0.0405,0.6877,Moderate Desert,False,False,False,False,False,False,False,False,0.58,0,False,0.361,0.27,0.0,0.0,False,False,False,True,0,0,v12
dc0fa193-7665-4861-8135-bfb545c36473,Patasi Mater Dei Clinic,Ashanti,Kumasi,,Other,6.6885,-1.6244,0.4831,Marginal,1.0,0.6965,0.086,0.6874,Moderate Desert,False,False,False,False,False,False,False,False,0.86,0,False,0.35,0.24,0.0,0.0,False,True,False,False,0,0,v12
9ad67bdf-839a-49b0-92e0-eaaf9d34e3bc,Adumkrom PHC Clinic,Western,Adumkrom,clinic,Primary/Clinic,6.9,-2.3,0.5425,Marginal,1.0,0.483,0.066,0.6871,Moderate Desert,False,False,False,False,False,False,False,False,0.67,0,False,0.301,0.44,0.0,0.0,False,False,False,True,0,0,v12
033207c6-18be-47a7-8acf-e8052dc62ac4,Boafo Yena Clinic,Western,Ahimakrom,clinic,Primary/Clinic,7.15,-2.25,0.5425,Marginal,1.0,0.483,0.066,0.6871,Moderate Desert,False,False,False,False,False,False,False,False,0.67,0,False,0.265,0.44,0.0,0.0,False,False,False,True,0,0,v12
cc9c899a-52c9-4b06-83e0-a91504d438b1,UMAT Clinic,Western,Tarkwa,clinic,Primary/Clinic,5.3003,-1.9936,0.5425,Marginal,1.0,0.483,0.066,0.6871,Moderate Desert,False,False,False,False,False,False,False,False,0.67,0,False,0.31,0.44,0.0,0.0,False,False,False,True,0,0,v12
98d70a38-2641-4cfb-a364-3101779e1926,Brebre CHPS,Western,Brebre,chps,CHPS,6.9833,-2.0333,0.5425,Marginal,1.0,0.483,0.0735,0.6864,Moderate Desert,False,False,False,False,False,False,False,False,0.67,0,False,0.265,0.49,0.0,0.0,False,False,False,True,0,0,v12
b6e016e8-87b6-4542-acfe-11079c3c3ee2,Dompim Health Centre,Western,Dompim,clinic,Primary/Clinic,5.1667,-2.0167,0.5425,Marginal,1.0,0.483,0.0735,0.6864,Moderate Desert,False,False,False,False,False,False,False,False,0.67,0,False,0.301,0.49,0.0,0.0,False,False,False,True,0,0,v12
b91bcee7-b995-4770-9dbf-69a9d2a9a805,Benso Health Centre,Western,Benso,clinic,Primary/Clinic,5.1833,-2.15,0.5425,Marginal,1.0,0.483,0.0735,0.6864,Moderate Desert,False,False,False,False,False,False,False,False,0.67,0,False,0.301,0.49,0.0,0.0,False,False,False,True,0,0,v12
02ef95ff-6666-49de-970f-cf5c8897fda2,Meland Pharmacy,Central,Cape Coast,pharmacy,Other,5.1053,-1.2466,0.5883,Marginal,1.0,0.3265,0.072,0.6859,Moderate Desert,False,False,False,False,False,False,False,False,0.36,0,False,0.4675,0.48,0.0,0.0,False,False,False,False,0,0,v12
3db3f850-aef3-4704-9977-b17564e5b00a,Gomoa Obuasi Clinic,Unknown,Afransi,clinic,Primary/Clinic,6.2,-1.6667,0.5306,Marginal,1.0,0.5095,0.0615,0.6856,Moderate Desert,False,False,False,False,False,False,False,False,0.58,0,False,0.3835,0.41,0.0,0.0,False,False,False,True,0,0,v12
d2a55c53-dc83-440b-948e-7c3711707a19,Wellembelle Health Centre,Upper West,,clinic,Primary/Clinic,10.25,-2.32,0.605,Marginal,1.0,0.25,0.051,0.6849,Moderate Desert,False,False,False,False,False,False,False,False,0.3,0,False,0.401,0.34,0.0,0.0,False,False,False,True,0,0,v12
9eea36a1-ebfa-4eb3-abfc-82cb4f0da81c,"Medicas Hospital, Mampong Akwapim",Upper West,Mampong,hospital,Secondary,7.0667,-1.4,0.605,Marginal,1.0,0.2675,0.081,0.6845,Moderate Desert,False,False,False,False,False,False,False,False,0.25,0,False,0.541,0.54,0.0,0.0,False,False,True,False,0,0,v12
4b39c548-995d-4427-a22d-0aa33e66d920,Walewale Hospital,Northern,Walewale,hospital,Secondary,10.3667,-0.8,0.599,Marginal,1.0,0.296,0.0945,0.6844,Moderate Desert,False,False,False,False,False,False,False,False,0.39,0,False,0.436,0.63,0.0,0.0,False,False,True,False,0,0,v12
85f15c3f-c152-4038-962c-6826f6e11e6b,Jopizo Lab and Diagnostic Centre,Western,Takoradi,diagnostic_center,Other,4.8845,-1.7554,0.5425,Marginal,1.0,0.4635,0.0645,0.6843,Moderate Desert,False,False,False,False,True,False,False,False,0.54,0,False,0.5035,0.43,0.0,0.0,False,False,False,False,0,0,v12
65d36bd8-d128-40d6-a8db-00ea7544296f,Star Lab Diagnostic- Yendi,Northern,Yendi,hospital,Secondary,9.4417,-0.0083,0.599,Marginal,1.0,0.2785,0.0795,0.6833,Moderate Desert,False,False,False,False,False,False,False,False,0.14,0,False,0.666,0.53,0.0,0.0,False,False,True,False,0,0,v12
0776a403-82aa-436f-bfbc-b299535f7598,King's Diagnostics,Northern,Tamale,clinic,Primary/Clinic,9.4075,-0.8533,0.599,Marginal,1.0,0.245,0.048,0.6814,Moderate Desert,False,False,False,False,False,False,False,False,0.25,0,False,0.505,0.32,0.0,0.0,False,False,False,True,0,0,v12
26a2f21f-801b-4ed7-b4cb-c4df87dcc4f7,HS Daan Herbal Clinic,Central,Accra,alternative_medicine,Other,5.6037,-0.187,0.5883,Marginal,1.0,0.301,0.0795,0.6814,Moderate Desert,False,False,False,False,False,False,False,False,0.14,0,False,0.616,0.53,0.0,0.0,False,False,False,False,0,0,v12
8e02ae07-6926-4dda-b4f1-397c3af21413,Mercy Women’s Catholic Hospital,Central,Mankessim,hospital,Secondary,5.2667,-1.0167,0.5883,Marginal,1.0,0.296,0.0765,0.6809,Moderate Desert,False,False,False,False,False,False,False,False,0.39,0,False,0.436,0.51,0.0,0.0,False,False,True,False,0,0,v12
73100890-55f9-433b-bae0-38dbc388c440,War Memorial Hospital,Upper West,Nogsenia,hospital,Secondary,10.25,-2.32,0.605,Marginal,1.0,0.244,0.084,0.6807,Moderate Desert,False,False,False,False,False,False,False,False,0.26,0,False,0.4685,0.56,0.0,0.0,False,False,True,False,0,0,v12
44c3c10a-506e-4fa2-aba3-80f899819351,Sefwi-Bekwai Health Centre,Western,Sefwi Bekwai,clinic,Primary/Clinic,6.3833,-2.3833,0.5425,Marginal,1.0,0.4335,0.066,0.6797,Moderate Desert,False,False,False,False,False,False,False,False,0.49,0,False,0.32,0.44,0.0,0.0,False,False,False,True,0,0,v12
909cb4e4-b6ec-435e-912a-60d0e96a53b0,Nagel Memorial Adventist Hospital,Western,Takoradi,hospital,Secondary,4.8845,-1.7554,0.5425,Marginal,1.0,0.4125,0.036,0.6795,Moderate Desert,False,False,False,False,False,False,False,False,0.4,0,False,0.491,0.24,0.0,0.0,False,False,True,False,0,0,v12
bcbf8a75-43ac-42be-8141-5aa27c03b3c4,International SOS Takoradi Clinic,Western,Takoradi,hospital,Secondary,4.8845,-1.7554,0.5425,Marginal,1.0,0.4125,0.036,0.6795,Moderate Desert,False,False,False,False,False,False,False,False,0.4,0,False,0.491,0.24,0.0,0.0,False,False,True,False,0,0,v12
02308ae4-0a91-45ec-8068-ddebb58673f0,St. Anthony Ann Catholic Hospital,Ashanti,Donyina,hospital,Secondary,6.6885,-1.6244,0.4831,Marginal,1.0,0.6073,0.0405,0.6786,Moderate Desert,False,False,False,False,False,False,False,False,0.76,1,False,0.301,0.27,0.0,0.0,False,False,True,False,0,0,v12
ba1b1b07-29fd-4bc1-b375-443e15cb25e0,Ho Municipal Hospital,Volta,Ho,hospital,Secondary,6.6,0.4667,0.508,Marginal,1.0,0.5095,0.036,0.6768,Moderate Desert,False,False,False,False,False,False,False,False,0.58,0,False,0.431,0.24,0.0,0.0,False,False,True,False,0,0,v12
d06306eb-a989-40a5-a1a2-0fde7ec3f2f1,St. Martins Catholic Hospital - Agroyesum,Ashanti,Agroyesum,hospital,Secondary,6.6885,-1.6244,0.4831,Marginal,1.0,0.6073,0.0615,0.6765,Moderate Desert,False,False,False,False,False,False,False,False,0.76,1,False,0.3235,0.41,0.0,0.0,False,False,True,False,0,0,v12
5436f4fe-35e6-4c35-9678-dc56b2893e2b,St. Michael’s Catholic Hospital,Ashanti,Pramso,hospital,Secondary,6.6885,-1.6244,0.4831,Marginal,1.0,0.6073,0.0615,0.6765,Moderate Desert,False,False,False,False,False,False,False,False,0.76,1,False,0.3235,0.41,0.0,0.0,False,False,True,False,0,0,v12
29ead5b3-1452-4962-acc9-4c8c2ea2b54b,Battor Catholic Hospital,Volta,Battor,hospital,Secondary,6.2,0.5,0.508,Marginal,1.0,0.529,0.069,0.6764,Moderate Desert,False,False,False,False,False,False,False,False,0.71,0,False,0.3235,0.46,0.0,0.0,False,False,True,False,0,0,v12
61e1a975-b9cc-4c76-a0d6-ec46cc9d6980,Asawinso Seventh-day Adventist Clinic,Western,Sefwi Asawinso,clinic,Primary/Clinic,6.35,-2.4,0.5425,Marginal,1.0,0.411,0.066,0.6763,Moderate Desert,False,False,False,False,False,False,False,False,0.49,0,False,0.32,0.44,0.0,0.0,False,False,False,True,0,0,v12
ae860907-677a-457a-a39a-2b89e9b55d68,Margaret Marquart Catholic Hospital,Volta,Kpando,hospital,Secondary,6.9833,0.3,0.508,Marginal,1.0,0.529,0.072,0.6761,Moderate Desert,False,False,False,False,False,False,False,False,0.71,0,False,0.301,0.48,0.0,0.0,False,False,True,False,0,0,v12
ec6bf183-5cf7-4b9c-b4cd-5bcbadd815b2,Pope John Paul II Catholic Medical Centre,Ashanti,Jamasi,hospital,Secondary,6.6885,-1.6244,0.4831,Marginal,1.0,0.6073,0.069,0.6758,Moderate Desert,False,False,False,False,False,False,False,False,0.76,1,False,0.3235,0.46,0.0,0.0,False,False,True,False,0,0,v12
3744391b-51fc-4dad-be4c-2057394fce1d,Cheerful Hearts Foundation,Central,,,Other,5.36,-1.22,0.5883,Marginal,1.0,0.29,0.1205,0.6756,Moderate Desert,False,False,False,False,False,False,False,False,0.3,0,False,0.3735,0.47,0.0,0.0,False,True,False,False,0,0,v12
a4408a55-f844-4d01-b399-dd390438dbc4,"Presbyterian Health Centre, Kwame Bikrom",Upper West,Sefwi Essam,clinic,Primary/Clinic,10.25,-2.32,0.605,Marginal,1.0,0.204,0.0765,0.6754,Moderate Desert,False,False,False,False,False,False,False,False,0.26,0,False,0.446,0.51,0.0,0.0,False,False,False,True,0,0,v12
d0d7baba-c2f0-49e1-bee1-52544ab83f78,Eastside Life Hospital,Upper East,Bolgatanga,hospital,Secondary,10.7861,-0.8522,0.8433,Severe Desert,0.6,0.107,0.1245,0.6753,Moderate Desert,False,False,True,False,True,False,False,True,0.08,0,False,0.819,0.83,0.0,0.0,False,False,True,False,0,0,v12
dbbbd873-e194-401b-9af0-86c5bc100589,Shekinah Herbal TV GH,Unknown,Klagon,alternative_medicine,Other,5.6167,-0.0333,0.5306,Marginal,1.0,0.4375,0.057,0.6752,Moderate Desert,False,False,False,False,False,False,False,False,0.4,0,False,0.4335,0.38,0.0,0.0,False,False,False,False,0,0,v12
b83e6d52-7d06-47cc-92bc-8ea435da96ac,Sacred Heart Hospital Weme- Abor,Volta,Keta,hospital,Secondary,5.9167,0.9833,0.508,Marginal,1.0,0.5095,0.054,0.675,Moderate Desert,False,False,False,False,False,False,False,False,0.58,0,False,0.4135,0.36,0.0,0.0,False,False,True,False,0,0,v12
2908bb78-bac1-420c-a08b-0062f11e116f,Royal Hospital,Volta,Ho,hospital,Secondary,6.6,0.4667,0.508,Marginal,1.0,0.5095,0.054,0.675,Moderate Desert,False,False,False,False,False,False,False,False,0.58,0,False,0.4135,0.36,0.0,0.0,False,False,True,False,0,0,v12
6c1a5964-3b1e-4943-85e9-9d009689a107,Abura Health Centre,Central,Abura,clinic,Primary/Clinic,5.36,-1.22,0.5883,Marginal,1.0,0.244,0.0615,0.6746,Moderate Desert,False,False,False,False,False,False,False,False,0.26,0,False,0.446,0.41,0.0,0.0,False,False,False,True,0,0,v12
8df451d0-1fd7-4308-a173-76be783974ed,Osagyefo Memorial Medical Centre - OMMC,Western,Bakanta,hospital,Secondary,5.3,-1.15,0.5425,Marginal,1.0,0.3915,0.0795,0.672,Moderate Desert,False,False,False,False,False,False,False,False,0.36,0,False,0.5185,0.53,0.0,0.0,False,False,True,False,0,0,v12
74172a43-f026-432c-b42d-21848ac54316,Takoradi Family Health Specialist Hospital,Western,Takoradi,hospital,Specialist,4.8845,-1.7554,0.5425,Marginal,1.0,0.3665,0.0615,0.6701,Moderate Desert,False,False,False,False,False,False,False,False,0.36,0,False,0.576,0.41,0.0,0.0,False,False,True,False,0,0,v12
7c236f7b-b975-4db6-8ba8-6fb545f533e4,Karaga District Hospital,Northern,Karaga,hospital,Secondary,10.0167,-0.5333,0.599,Marginal,1.0,0.199,0.0945,0.6699,Moderate Desert,False,False,False,False,False,False,False,False,0.21,0,False,0.446,0.63,0.0,0.0,False,False,True,False,0,0,v12
b0a558a3-9e01-4c9d-8f75-c1b99c0e1bb6,Bimbilla Hospital,Northern,Bimbilla,hospital,Secondary,9.8667,0.0667,0.599,Marginal,1.0,0.199,0.0945,0.6699,Moderate Desert,False,False,False,False,False,False,False,False,0.21,0,False,0.441,0.63,0.0,0.0,False,False,True,False,0,0,v12
77b76078-46e2-4624-9ba8-3dc3084e5e8e,Universal Health Clinic,Northern,Tamale,clinic,Specialist,9.4075,-0.8533,0.599,Marginal,1.0,0.2065,0.1095,0.6695,Moderate Desert,False,False,False,False,True,False,False,False,0.06,0,False,0.6975,0.73,0.0,0.0,False,False,False,True,0,0,v12
ad882b5f-1934-425e-b4ad-582d861e7bd5,"Mansowa Herbal Clinic, Kasoa",Central,Accra,alternative_medicine,Other,5.6037,-0.187,0.5883,Marginal,1.0,0.2275,0.0885,0.6694,Moderate Desert,False,False,False,False,False,False,False,False,0.25,0,False,0.6925,0.59,0.0,0.0,False,False,False,False,0,0,v12
738e0f27-d8a0-4e1f-9931-1c2b04c17b90,St. John of God Catholic Hospital,Ahafo,Duayaw Nkwanta,hospital,Secondary,6.9,-2.3,0.4686,Adequate,1.0,0.6073,0.0615,0.6693,Moderate Desert,False,False,False,False,False,False,False,False,0.76,1,False,0.301,0.41,0.0,0.0,False,False,True,False,0,0,v12
0643b69b-fb41-4fc5-b68e-2f7ae8cbd5a6,Akrofrom Health Centre,Ashanti,Akrofrom,clinic,Primary/Clinic,6.6885,-1.6244,0.4831,Marginal,1.0,0.5613,0.0765,0.6681,Moderate Desert,False,False,False,False,False,False,False,False,0.72,1,False,0.265,0.51,0.0,0.0,False,False,False,True,0,0,v12
49c69049-136d-4202-8fa7-b4d42bba80f6,Ghana Adventist Health Services,Ashanti,Wiamoase,,Other,6.6885,-1.6244,0.4831,Marginal,1.0,0.574,0.0965,0.668,Moderate Desert,False,False,False,False,False,False,False,False,0.76,0,False,0.3235,0.31,0.0,0.0,False,True,False,False,0,0,v12
acd59c99-d873-4d90-884b-3ddacf612564,Church of God Health Services,Ashanti,Apaaso,,Other,6.6885,-1.6244,0.4831,Marginal,1.0,0.574,0.0965,0.668,Moderate Desert,False,False,False,False,False,False,False,False,0.76,0,False,0.3235,0.31,0.0,0.0,False,True,False,False,0,0,v12
5f94a755-e200-4176-8827-db401cc0b35e,COA Research & Manufacturing,Central,Cape Coast,clinic,Primary/Clinic,5.1053,-1.2466,0.5883,Marginal,1.0,0.205,0.0705,0.6679,Moderate Desert,False,False,False,False,False,False,False,False,0.25,0,False,0.55,0.47,0.0,0.0,False,False,False,True,0,0,v12
9035717d-5a88-4bc0-a414-e3746116f695,Allen Health Clinic,Ashanti,Wamasi,clinic,Primary/Clinic,6.6885,-1.6244,0.4831,Marginal,1.0,0.5613,0.084,0.6674,Moderate Desert,False,False,False,False,False,False,False,False,0.72,1,False,0.341,0.56,0.0,0.0,False,False,False,True,0,0,v12
65c17c2e-5f0f-4c51-9e1a-ddbfdfa3e1ba,Elubo Health Center,Unknown,Half Assini,clinic,Primary/Clinic,7.9465,-1.0232,0.5306,Marginal,1.0,0.386,0.0585,0.6673,Moderate Desert,False,False,False,False,False,False,False,False,0.39,0,False,0.406,0.39,-0.1,0.0,False,False,False,True,0,0,v12
bd03bd64-6822-4f1e-8f1a-93462f6e5a7c,Right to Sight and Health,Northern,Tamale,,Other,9.4075,-0.8533,0.599,Marginal,1.0,0.205,0.131,0.6671,Moderate Desert,False,False,False,False,False,False,False,False,0.25,0,False,0.5135,0.54,0.0,0.0,False,True,False,False,0,0,v12
ffe520ae-bd91-4013-84cc-77d807062ccc,Centre for Plant Medicine Research,Eastern,Mampong-Akwapim,clinic,Primary/Clinic,5.9167,-0.1333,0.4964,Adequate,1.0,0.503,0.0675,0.6669,Moderate Desert,False,False,False,False,False,False,False,False,0.67,0,False,0.31,0.45,0.0,0.0,False,False,False,True,0,0,v12
c6955d0a-7c02-4669-8605-6556d5dbda7c,Zebilla District Hospital,Volta,Lamboya,hospital,Secondary,6.8,0.3,0.508,Marginal,0.8,0.7748,0.033,0.6669,Moderate Desert,False,False,True,False,False,False,False,False,0.91,1,False,0.301,0.22,0.0,0.0,False,False,True,False,0,0,v12
a524fe71-c1ff-4c97-9ea7-0a8ce1ce52dc,Makango Clinic,Volta,Kabiase Gonja,hospital,Secondary,9.4,-1.0,0.508,Marginal,1.0,0.4635,0.072,0.6663,Moderate Desert,False,False,False,False,False,False,False,False,0.54,0,False,0.386,0.48,0.0,0.0,False,False,True,False,0,0,v12
e28876cb-e684-4be8-8fe7-6b1d43441789,KLIMOVIC MEMORIAL HOSPITAL,Central,Winneba,clinic,Primary/Clinic,5.35,-0.6333,0.5883,Marginal,1.0,0.18,0.051,0.6661,Moderate Desert,False,False,False,False,False,False,False,False,0.25,0,False,0.531,0.34,0.0,0.0,False,False,False,True,0,0,v12
43c09606-ad55-4acc-a2ff-16dca4975bda,Wind of Change Eyecare and Optical Centre,Central,Cape Coast,eye_clinic,Primary/Clinic,5.1053,-1.2466,0.5883,Marginal,1.0,0.2135,0.102,0.666,Moderate Desert,False,False,False,False,False,False,False,False,0.14,0,False,0.701,0.68,0.0,0.0,False,False,False,True,0,0,v12
a6673079-19e9-4ea0-8bbc-12ac4da84a2d,Adidome Government Hospital,Volta,Adidome,hospital,Secondary,5.8833,0.5833,0.508,Marginal,1.0,0.4375,0.036,0.666,Moderate Desert,False,False,False,False,False,False,False,False,0.4,0,False,0.401,0.24,0.0,0.0,False,False,True,False,0,0,v12
378071a9-151b-4978-85f8-b8eb36d9a986,Sam Jonah Hospital,Western,Tarkwa,hospital,Secondary,5.3003,-1.9936,0.5425,Marginal,1.0,0.342,0.069,0.6657,Moderate Desert,False,False,False,False,False,False,False,False,0.43,0,False,0.4135,0.46,0.0,0.0,False,False,True,False,0,0,v12
0788b965-cb3b-48b2-9edf-338124e4f677,Tamale West Hospital,Northern,Tamale,hospital,Secondary,9.4075,-0.8533,0.599,Marginal,1.0,0.159,0.0765,0.6657,Moderate Desert,False,False,False,False,False,False,False,False,0.21,0,False,0.536,0.51,0.0,0.0,False,False,True,False,0,0,v12
2fa3f611-af3a-4dcb-9806-0ec25422b039,Kate Afram Clinic,Western North,Bibiani,clinic,Primary/Clinic,6.45,-2.35,0.6671,Moderate Desert,0.8,0.271,0.0945,0.6647,Moderate Desert,False,False,True,False,False,False,False,False,0.39,0,False,0.461,0.63,0.0,0.0,False,False,False,True,0,0,v12
e65383bd-1c39-42cc-aaad-56f8c2225ffb,Life Sciences Medical Centre,Central,Cape Coast,clinic,Primary/Clinic,5.1053,-1.2466,0.5883,Marginal,1.0,0.2065,0.1065,0.6645,Moderate Desert,False,False,False,False,True,False,False,False,0.06,0,False,0.82,0.71,0.0,0.0,False,False,False,True,0,0,v12
4d389f6b-314f-471a-93a6-862cf9d78b47,St. Marys Anglican Clinic,Ashanti,Apinkra,clinic,Primary/Clinic,6.6885,-1.6244,0.4831,Marginal,1.0,0.528,0.063,0.6645,Moderate Desert,False,False,False,False,False,False,False,False,0.72,0,False,0.301,0.42,0.0,0.0,False,False,False,True,0,0,v12
806356e2-8046-4b47-973d-0a6bcc008b4e,Ahenema Kokoben Health Centre,Ashanti,Kumasi,clinic,Primary/Clinic,6.6885,-1.6244,0.4831,Marginal,1.0,0.5095,0.036,0.6644,Moderate Desert,False,False,False,False,False,False,False,False,0.58,0,False,0.391,0.24,0.0,0.0,False,False,False,True,0,0,v12
795b150d-a461-474f-8c85-f67f8acad73a,Rabito Clinic,Ashanti,Kumasi,hospital,Secondary,6.6885,-1.6244,0.4831,Marginal,1.0,0.5095,0.036,0.6644,Moderate Desert,False,False,False,False,False,False,False,False,0.58,0,False,0.431,0.24,0.0,0.0,False,False,True,False,0,0,v12
48296943-535f-4e7a-ae7e-be4dcb99f388,"Baiden Ghartey Hospital, Pedu",Central,Cape Coast,hospital,Secondary,5.1053,-1.2466,0.5883,Marginal,0.8,0.5095,0.0645,0.6641,Moderate Desert,False,False,False,False,False,False,False,True,0.58,0,False,0.391,0.43,0.0,0.0,False,False,True,False,0,0,v12
a8da84f9-3e55-4a3d-b647-0daf1162228c,EGAM CLINIC,Western,Sekondi,clinic,Primary/Clinic,4.9333,-1.7,0.5425,Marginal,1.0,0.317,0.051,0.6637,Moderate Desert,False,False,False,False,False,False,False,False,0.43,0,False,0.386,0.34,0.0,0.0,False,False,False,True,0,0,v12
af28734e-d217-4efd-9719-cbdf24b29675,St Theresas Health Centre,Unknown,Nope,clinic,Primary/Clinic,7.9465,-1.0232,0.5306,Marginal,1.0,0.361,0.0585,0.6636,Moderate Desert,False,False,False,False,False,False,False,False,0.39,0,False,0.361,0.39,-0.1,0.0,False,False,False,True,0,0,v12
dc1f0066-6ad3-4ecb-9a90-6efa7203a93f,Juaben Government Hospital,Ashanti,Juaben,hospital,Secondary,6.8,-1.4167,0.4831,Marginal,1.0,0.5095,0.0435,0.6636,Moderate Desert,False,False,False,False,False,False,False,False,0.58,0,False,0.391,0.29,0.0,0.0,False,False,True,False,0,0,v12
629d70bd-38e8-4e89-8366-41ab25cab56d,"St.Joseph Hospital, Nkwanta",Oti,Nkwanta,hospital,Secondary,8.2833,0.5,0.509,Marginal,1.0,0.4125,0.036,0.6628,Moderate Desert,False,False,False,False,False,False,False,False,0.4,0,False,0.541,0.24,0.0,0.0,False,False,True,False,0,0,v12
7ce0ac5b-6aa7-4628-bd87-15897474ec00,Neighbourhood Hospital,Ashanti,Obuasi,hospital,Secondary,6.2,-1.6667,0.4831,Marginal,1.0,0.5095,0.054,0.6626,Moderate Desert,False,False,False,False,False,False,False,False,0.58,0,False,0.4135,0.36,0.0,0.0,False,False,True,False,0,0,v12
ec0275d1-76a4-4947-b720-8ff4d8cfa124,Swedru Municipal Hospital,Volta,Agona Swfru,hospital,Secondary,6.8,0.3,0.508,Marginal,1.0,0.4365,0.069,0.6626,Moderate Desert,False,False,False,False,False,False,False,False,0.41,0,False,0.4685,0.46,0.0,0.0,False,False,True,False,0,0,v12
b6f22662-b83b-49f0-b269-3e669cbd5ba8,Agogo Hospital,Ashanti,Atonsu,hospital,Secondary,6.65,-1.6333,0.4831,Marginal,1.0,0.5095,0.054,0.6626,Moderate Desert,False,False,False,False,False,False,False,False,0.58,0,False,0.4135,0.36,0.0,0.0,False,False,True,False,0,0,v12
44567f37-d6b9-4078-b5e0-bd44a6f4d9c4,GCD Hospital,Eastern,Akwatia,hospital,Secondary,6.0333,-0.8,0.4964,Adequate,1.0,0.483,0.084,0.6623,Moderate Desert,False,False,False,False,False,False,False,False,0.67,0,False,0.346,0.56,0.0,0.0,False,False,True,False,0,0,v12
69327ae7-7787-4a27-a396-f2277dfe24fc,Health Plus Clinic,Western,Tarkwa,clinic,Primary/Clinic,5.3003,-1.9936,0.5425,Marginal,1.0,0.3265,0.0795,0.6623,Moderate Desert,False,False,False,False,False,False,False,False,0.36,0,False,0.576,0.53,0.0,0.0,False,False,False,True,0,0,v12
d69de185-2005-4756-882d-ccc8b7e32734,Merkot Pharmacy,Central,Accra,pharmacy,Other,5.6037,-0.187,0.5883,Marginal,1.0,0.1815,0.096,0.6618,Moderate Desert,False,False,False,False,False,False,False,False,0.21,0,False,0.5775,0.64,0.0,0.0,False,False,False,False,0,0,v12
0fac7b4a-8916-4e7c-9cda-5827335c328c,Peace And Love Hospital,Ashanti,Kumasi,hospital,Secondary,6.6885,-1.6244,0.4831,Marginal,1.0,0.5095,0.0645,0.6615,Moderate Desert,False,False,False,False,False,False,False,False,0.58,0,False,0.4135,0.43,0.0,0.0,False,False,True,False,0,0,v12
3f5c2a7a-79f6-4fff-9dbb-a07493110a77,God's Glory Hospital ( Kronom ),Ashanti,Kumasi,hospital,Secondary,6.6885,-1.6244,0.4831,Marginal,1.0,0.5095,0.0645,0.6615,Moderate Desert,False,False,False,False,False,False,False,False,0.58,0,False,0.4135,0.43,0.0,0.0,False,False,True,False,0,0,v12
08761e7c-7206-414c-b221-6d4bd3e85d17,"Trustcare Hospital. South Suntreso, Kumasi",Ashanti,Kumasi,hospital,Secondary,6.6885,-1.6244,0.4831,Marginal,1.0,0.5095,0.0645,0.6615,Moderate Desert,False,False,False,False,False,False,False,False,0.58,0,False,0.4135,0.43,0.0,0.0,False,False,True,False,0,0,v12
be1f2eae-dfd4-45b9-a7ab-b143c88d2769,Anyinasusu SDA Centre,Ashanti,Anyinasusu,clinic,Primary/Clinic,7.5,-1.75,0.4831,Marginal,1.0,0.5055,0.066,0.6608,Moderate Desert,False,False,False,False,False,False,False,False,0.67,0,False,0.301,0.44,0.0,0.0,False,False,False,True,0,0,v12
9b02d3ba-5156-4074-abb9-7e2560960f93,New Hope Clinic,Western,Enyinabrim,clinic,Primary/Clinic,6.85,-1.2333,0.5425,Marginal,1.0,0.3185,0.087,0.6603,Moderate Desert,False,False,False,False,False,False,True,False,0.39,0,False,0.3685,0.58,0.0,0.0,False,False,False,True,0,0,v12
d50c4e92-f0a4-40e6-9d70-c4ee0b21c267,Nkonya Community Clinic,Western,Nkonya,clinic,Primary/Clinic,7.15,0.4167,0.5425,Marginal,1.0,0.3185,0.087,0.6603,Moderate Desert,False,False,False,False,False,False,False,False,0.39,0,False,0.3685,0.58,0.0,0.0,False,False,False,True,0,0,v12
2d9be883-cf91-474e-804e-49b7959e82ea,Cheerful Hearts Foundation,Central,Kasoa,,Other,5.51,-0.435,0.5883,Marginal,1.0,0.205,0.146,0.6603,Moderate Desert,False,False,False,False,False,False,False,False,0.25,0,False,0.4635,0.64,0.0,0.0,False,True,False,False,0,0,v12
c9ee20f0-88b7-4f6b-a31d-ef8f8880f7a6,Divine Sanitas Medical Center,Central,Kasoa,clinic,Primary/Clinic,5.51,-0.435,0.5883,Marginal,1.0,0.159,0.078,0.6602,Moderate Desert,False,False,False,False,False,False,False,False,0.21,0,False,0.636,0.52,0.0,0.0,False,False,False,True,0,0,v12
a1ad6064-cc54-44d0-9fa8-c0f7ae0581d5,Smile Family Clinic,Northern,Bimbila,clinic,Primary/Clinic,9.8667,0.0667,0.599,Marginal,1.0,0.134,0.096,0.66,Moderate Desert,False,False,False,False,False,False,False,False,0.21,0,False,0.6985,0.64,0.0,0.0,False,False,False,True,0,0,v12
eb9c5aff-419a-46df-a10d-8f2e4d1072d4,Savanna Opticals,Northern,Tamale,clinic,Primary/Clinic,9.4075,-0.8533,0.599,Marginal,1.0,0.134,0.096,0.66,Moderate Desert,False,False,False,False,False,False,False,False,0.21,0,False,0.6835,0.64,0.0,0.0,False,False,False,True,0,0,v12
d7580046-d059-4754-84df-2d73f30e173b,Swedru Hospital,Central,Agona Swedru,hospital,Secondary,5.5333,-0.6833,0.5883,Marginal,1.0,0.159,0.084,0.6596,Moderate Desert,False,False,False,False,False,False,False,False,0.21,0,False,0.5585,0.56,0.0,0.0,False,False,True,False,0,0,v12
