region,schema_version,scored_at,total_facilities,hospital_count,clinic_count,ngo_count,volunteer_facilities,teaching_hospitals,referral_centers,public_facilities,private_facilities,total_doctors,total_beds,doctors_per_100k,beds_per_100k,facilities_per_100k,hospitals_per_100k,region_population,emergency_medicine_facilities,surgery_facilities,obstetrics_facilities,icu_facilities,pediatrics_facilities,infectious_disease_facilities,radiology_facilities,mental_health_facilities,critical_specialty_gap_count,missing_critical_specialties,all_specialties,emergency_gap_score,icu_gap_score,surgical_access_gap_score,maternity_gap_score,avg_completeness,avg_geo_quality,avg_ghost_probability,avg_quality_risk,total_region_anomalies,rag_ready_count,rag_ready_rate,avg_emergency_readiness,avg_critical_care_score,avg_service_richness_score,avg_infrastructure_completeness_score,avg_referral_complexity_score,avg_healthcare_maturity_score,density_component,specialty_component,integrity_component,confidence_component,summary_mds,blended_mds,medical_desert_score,desert_label,mds_label,score_confidence,score_rationale,centroid_lat,centroid_lon,recommended_actions,method_version
Savannah,v12,2026-06-11T09:29:16.986218+00:00,4,3,0,1,0,0,0,1,3,0,0,0.0,0.0,0.66,0.49,606986,0,0,0,0,0,0,0,0,4,"[""emergencyMedicine"", ""generalSurgery"", ""gynecologyAndObstetrics"", ""pediatrics""]","[""internalMedicine"", ""nephrology""]",1.0,1.0,1.0,1.0,0.4641,0.82,0.4975,0.2875,0,4,100.0,0.0,0.0,0.125,0.0,0.0,0.0375,0.8445,0.98,0.4435,0.3778,0.9706,0.7282,0.8736,Severe Desert,Severe Desert,0.5786,"Density gap: 0.66/100k facilities, 0.00/100k doctors; Missing 4 critical specialties: emergencyMedicine, generalSurgery, gynecologyAndObstetrics; Integrity concern: ghost_prob=0.50, anomalies=0",9.0167,-2.4833,"[""URGENT: Deploy emergency medicine capacity \u2014 zero coverage detected"", ""URGENT: No surgical capacity \u2014 patients cannot receive operative care"", ""URGENT: No obstetrics \u2014 elevated maternal mortality risk"", ""HIGH: Deploy paediatric care \u2014 children's health services absent"", ""URGENT: Critical physician shortage \u2014 avg < 1 doctor per facility"", ""HIGH: Deploy mobile inpatient capacity \u2014 fewer than 20 beds in region"", ""HIGH: No ICU capacity \u2014 critical gap for complex cases"", ""MEDIUM: Mental health services absent \u2014 underserved population"", ""HIGH: Hospital density critically low \u2014 < 0.5 per 100k population"", ""HIGH: Bed capacity insufficient \u2014 fewer than 2 beds per 100k"", ""URGENT: Region severely underserved \u2014 prioritise facility establishment""]",blended_mds_v12
Upper East,v12,2026-06-11T09:29:16.686692+00:00,6,5,0,1,0,0,0,1,5,0,0,0.0,0.0,0.57,0.48,1046545,0,0,1,0,1,0,1,0,3,"[""emergencyMedicine"", ""generalSurgery"", ""gynecologyAndObstetrics""]","[""cardiology"", ""internalMedicine"", ""maternalFetalMedicineOrPerinatology"", ""neonatologyPerinatalMedicine"", ""ophthalmology"", ""otolaryngology"", ""pediatrics"", ""physicalMedicineAndRehabilitation"", ""radiology""]",1.0,1.0,1.0,0.8,0.5094,0.68,0.3883,0.3,1,6,100.0,0.0,0.0,0.2847,0.0555,0.0476,0.1021,0.8515,0.94,0.3718,0.3695,0.9352,0.7054,0.8433,Severe Desert,Severe Desert,0.581,"Density gap: 0.57/100k facilities, 0.00/100k doctors; Missing 3 critical specialties: emergencyMedicine, generalSurgery, gynecologyAndObstetrics",11.0583,-0.2417,"[""URGENT: Deploy emergency medicine capacity \u2014 zero coverage detected"", ""URGENT: No surgical capacity \u2014 patients cannot receive operative care"", ""URGENT: No obstetrics \u2014 elevated maternal mortality risk"", ""URGENT: Critical physician shortage \u2014 avg < 1 doctor per facility"", ""HIGH: Deploy mobile inpatient capacity \u2014 fewer than 20 beds in region"", ""HIGH: No ICU capacity \u2014 critical gap for complex cases"", ""MEDIUM: Mental health services absent \u2014 underserved population"", ""HIGH: Hospital density critically low \u2014 < 0.5 per 100k population"", ""HIGH: Bed capacity insufficient \u2014 fewer than 2 beds per 100k""]",blended_mds_v12
Bono East,v12,2026-06-11T09:29:16.627069+00:00,15,9,2,1,0,0,0,1,14,0,100,0.0,8.76,1.31,0.79,1141427,2,1,3,0,2,1,2,0,1,"[""generalSurgery""]","[""clinicalPathology"", ""emergencyMedicine"", ""familyMedicine"", ""gynecologyAndObstetrics"", ""infectiousDiseases"", ""internalMedicine"", ""neonatologyPerinatalMedicine"", ""nephrology"", ""obstetricsAndMaternityCare"", ""otolaryngology"", ""pathology"", ""pediatrics"", ""radiology""]",0.7778,1.0,0.8889,0.7273,0.5637,0.784,0.3847,0.28,0,15,100.0,0.0633,0.02,0.3222,0.1128,0.0952,0.1472,0.7173,0.7927,0.3691,0.3243,0.7381,0.6075,0.6859,Moderate Desert,Moderate Desert,0.6401,"Density gap: 1.31/100k facilities, 0.00/100k doctors; Missing 1 critical specialties: generalSurgery",7.5833,-1.9333,"[""URGENT: No surgical capacity \u2014 patients cannot receive operative care"", ""URGENT: Critical physician shortage \u2014 avg < 1 doctor per facility"", ""HIGH: No ICU capacity \u2014 critical gap for complex cases"", ""MEDIUM: Mental health services absent \u2014 underserved population""]",blended_mds_v12
Western North,v12,2026-06-11T09:29:17.045168+00:00,13,5,8,0,0,0,0,4,9,0,0,0.0,0.0,1.66,0.64,782022,2,2,4,0,1,1,1,1,0,[],"[""anesthesia"", ""clinicalPathology"", ""emergencyMedicine"", ""generalSurgery"", ""gynecologyAndObstetrics"", ""infectiousDiseases"", ""internalMedicine"", ""maternalFetalMedicineOrPerinatology"", ""neonatologyPerinatalMedicine"", ""obstetricsAndMaternityCare"", ""ophthalmology"", ""orthopedicSurgery"", ""otolaryngology"", ""pathology"", ""pediatrics""]",0.6,1.0,0.6,0.6923,0.4922,0.6908,0.3323,0.2308,2,12,92.3,0.0846,0.0462,0.234,0.1389,0.1209,0.138,0.7378,0.6492,0.3218,0.3775,0.7262,0.5784,0.6671,Moderate Desert,Moderate Desert,0.5869,"Density gap: 1.66/100k facilities, 0.00/100k doctors; Missing 0 critical specialties: ",6.45,-2.35,"[""URGENT: Critical physician shortage \u2014 avg < 1 doctor per facility"", ""HIGH: Deploy mobile inpatient capacity \u2014 fewer than 20 beds in region"", ""HIGH: No ICU capacity \u2014 critical gap for complex cases"", ""HIGH: Bed capacity insufficient \u2014 fewer than 2 beds per 100k""]",blended_mds_v12
Upper West,v12,2026-06-11T09:29:16.656707+00:00,24,13,8,2,0,0,1,9,15,0,0,0.0,0.0,2.66,1.44,901683,2,2,7,1,4,1,2,1,0,[],"[""anesthesia"", ""clinicalPathology"", ""criticalCareMedicine"", ""dentistry"", ""emergencyMedicine"", ""endocrinologyAndDiabetesAndMetabolism"", ""generalSurgery"", ""gynecologyAndObstetrics"", ""infectiousDiseases"", ""internalMedicine"", ""medicalOncology"", ""neonatologyPerinatalMedicine"", ""obstetricsAndMaternityCare"", ""ophthalmology"", ""otolaryngology""]",0.8462,0.7,0.8462,0.6667,0.4463,0.61,0.485,0.4146,3,21,87.5,0.0604,0.0458,0.2274,0.0971,0.1015,0.1186,0.5837,0.7071,0.4351,0.4249,0.6344,0.561,0.605,Marginal,Marginal,0.5091,"Missing 0 critical specialties: ; Integrity concern: ghost_prob=0.49, anomalies=3",10.25,-2.32,"[""URGENT: Critical physician shortage \u2014 avg < 1 doctor per facility"", ""HIGH: Deploy mobile inpatient capacity \u2014 fewer than 20 beds in region"", ""HIGH: Bed capacity insufficient \u2014 fewer than 2 beds per 100k""]",blended_mds_v12
Northern,v12,2026-06-11T09:29:16.956514+00:00,33,21,8,2,1,3,2,11,22,0,0,0.0,0.0,1.33,0.85,2479461,5,6,6,4,4,0,6,1,0,[],"[""anesthesia"", ""clinicalPathology"", ""criticalCareMedicine"", ""dentistry"", ""emergencyMedicine"", ""generalSurgery"", ""gynecologyAndObstetrics"", ""hospiceAndPalliativeInternalMedicine"", ""internalMedicine"", ""neonatologyPerinatalMedicine"", ""nephrology"", ""obstetricsAndMaternityCare"", ""ophthalmology"", ""orthopedicSurgery"", ""otolaryngology""]",0.7619,0.4,0.7143,0.7931,0.5398,0.7945,0.3064,0.2015,1,32,97.0,0.1348,0.1227,0.2929,0.0931,0.1301,0.1673,0.6787,0.5888,0.312,0.3247,0.6451,0.5298,0.599,Marginal,Marginal,0.647,"Density gap: 1.33/100k facilities, 0.00/100k doctors; Missing 0 critical specialties: ",9.4075,-0.8533,"[""URGENT: Critical physician shortage \u2014 avg < 1 doctor per facility"", ""HIGH: Deploy mobile inpatient capacity \u2014 fewer than 20 beds in region"", ""HIGH: Bed capacity insufficient \u2014 fewer than 2 beds per 100k""]",blended_mds_v12
Central,v12,2026-06-11T09:29:16.866094+00:00,47,18,14,6,1,0,1,7,40,0,201,0.0,7.84,1.83,0.7,2563228,5,1,9,1,7,5,5,3,0,[],"[""anesthesia"", ""cardiology"", ""clinicalPathology"", ""criticalCareMedicine"", ""dentistry"", ""dermatology"", ""emergencyMedicine"", ""endocrinologyAndDiabetesAndMetabolism"", ""familyMedicine"", ""gastroenterology"", ""generalSurgery"", ""gynecologyAndObstetrics"", ""infectiousDiseases"", ""internalMedicine"", ""medicalOncology""]",0.7222,0.7,0.9444,0.7188,0.5382,0.7485,0.3534,0.2457,7,46,97.9,0.05,0.017,0.2801,0.1585,0.0973,0.145,0.713,0.6885,0.3257,0.3372,0.5984,0.573,0.5883,Marginal,Marginal,0.623,"Density gap: 1.83/100k facilities, 0.00/100k doctors; Missing 0 critical specialties: ",5.36,-1.22,"[""URGENT: Critical physician shortage \u2014 avg < 1 doctor per facility""]",blended_mds_v12
Western,v12,2026-06-11T09:29:16.472059+00:00,78,29,44,2,0,0,1,16,62,0,193,0.0,8.12,3.28,1.22,2376021,7,3,19,2,4,1,5,3,0,[],"[""anesthesia"", ""clinicalPathology"", ""criticalCareMedicine"", ""dentistry"", ""emergencyMedicine"", ""endocrinologyAndDiabetesAndMetabolism"", ""familyMedicine"", ""generalSurgery"", ""globalHealthAndInternationalHealth"", ""gynecologyAndObstetrics"", ""hospiceAndPalliativeInternalMedicine"", ""infectiousDiseases"", ""internalMedicine"", ""maternalFetalMedicineOrPerinatology"", ""medicalOncology""]",0.7586,0.4,0.8966,0.7397,0.4532,0.7338,0.4085,0.2724,12,68,87.2,0.0474,0.0231,0.1939,0.1019,0.0825,0.1029,0.5518,0.6188,0.3529,0.3912,0.5677,0.5047,0.5425,Marginal,Marginal,0.565,Missing 0 critical specialties: ,4.8333,-1.95,"[""URGENT: Critical physician shortage \u2014 avg < 1 doctor per facility""]",blended_mds_v12
Unknown,v12,2026-06-11T09:29:16.562363+00:00,23,2,14,5,1,0,0,2,21,0,0,0.0,0.0,2.3,0.2,1000000,2,2,5,0,1,2,1,0,0,[],"[""anesthesia"", ""dentistry"", ""emergencyMedicine"", ""endocrinologyAndDiabetesAndMetabolism"", ""gastroenterology"", ""generalSurgery"", ""gynecologyAndObstetrics"", ""infectiousDiseases"", ""internalMedicine"", ""maternalFetalMedicineOrPerinatology"", ""neonatologyPerinatalMedicine"", ""obstetricsAndMaternityCare"", ""otolaryngology"", ""pediatrics"", ""publicHealth""]",0.0,1.0,0.0,0.6875,0.3852,0.3261,0.5857,0.5196,6,7,30.4,-0.0217,0.0261,0.2156,0.0808,0.0745,0.0898,0.82,0.3187,0.517,0.6192,0.4818,0.604,0.5306,Marginal,Marginal,0.3733,"Density gap: 2.30/100k facilities, 0.00/100k doctors; Integrity concern: ghost_prob=0.59, anomalies=6",5.0667,-1.7,"[""URGENT: Critical physician shortage \u2014 avg < 1 doctor per facility"", ""HIGH: Deploy mobile inpatient capacity \u2014 fewer than 20 beds in region"", ""HIGH: No ICU capacity \u2014 critical gap for complex cases"", ""MEDIUM: Mental health services absent \u2014 underserved population"", ""HIGH: Hospital density critically low \u2014 < 0.5 per 100k population"", ""HIGH: Bed capacity insufficient \u2014 fewer than 2 beds per 100k""]",blended_mds_v12
Oti,v12,2026-06-11T09:29:16.501313+00:00,7,7,0,0,0,0,2,2,5,0,0,0.0,0.0,1.06,1.06,663338,3,3,3,2,3,0,3,0,0,[],"[""anesthesia"", ""cardiology"", ""clinicalPathology"", ""criticalCareMedicine"", ""dentistry"", ""emergencyMedicine"", ""gastroenterology"", ""generalSurgery"", ""gynecologyAndObstetrics"", ""internalMedicine"", ""neonatologyPerinatalMedicine"", ""obstetricsAndMaternityCare"", ""ophthalmology"", ""otolaryngology"", ""pathology""]",0.5714,0.4,0.5714,0.5714,0.5241,0.64,0.4486,0.3857,1,7,100.0,0.3357,0.2714,0.4464,0.2102,0.349,0.3184,0.6178,0.4714,0.4061,0.3455,0.5164,0.498,0.509,Marginal,Marginal,0.5643,"Density gap: 1.06/100k facilities, 0.00/100k doctors; Integrity concern: ghost_prob=0.45, anomalies=1",8.1833,0.4167,"[""URGENT: Critical physician shortage \u2014 avg < 1 doctor per facility"", ""HIGH: Deploy mobile inpatient capacity \u2014 fewer than 20 beds in region"", ""MEDIUM: Mental health services absent \u2014 underserved population"", ""HIGH: Bed capacity insufficient \u2014 fewer than 2 beds per 100k""]",blended_mds_v12
Volta,v12,2026-06-11T09:29:16.747451+00:00,63,48,9,6,0,1,2,18,45,0,125,0.0,7.38,3.72,2.83,1693143,6,9,14,5,8,2,7,5,0,[],"[""anesthesia"", ""clinicalPathology"", ""criticalCareMedicine"", ""dentistry"", ""dermatology"", ""emergencyMedicine"", ""endocrinologyAndDiabetesAndMetabolism"", ""gastroenterology"", ""generalSurgery"", ""geriatricsInternalMedicine"", ""gynecologyAndObstetrics"", ""infectiousDiseases"", ""internalMedicine"", ""neonatologyPerinatalMedicine"", ""obstetricsAndMaternityCare""]",0.875,0.2,0.8125,0.7544,0.5016,0.68,0.3395,0.2692,5,63,100.0,0.0873,0.0802,0.2758,0.1618,0.1159,0.1648,0.4688,0.5942,0.3269,0.3572,0.5432,0.455,0.508,Marginal,Marginal,0.5869,Missing 0 critical specialties: ,6.6,0.4667,"[""URGENT: Critical physician shortage \u2014 avg < 1 doctor per facility""]",blended_mds_v12
Eastern,v12,2026-06-11T09:29:16.597144+00:00,30,16,6,2,0,1,3,8,22,0,928,0.0,35.24,1.14,0.61,2633154,5,8,7,3,4,3,6,1,0,[],"[""anesthesia"", ""cardiacSurgery"", ""cardiology"", ""clinicalPathology"", ""criticalCareMedicine"", ""dentistry"", ""dermatology"", ""emergencyMedicine"", ""endocrinologyAndDiabetesAndMetabolism"", ""gastroenterology"", ""generalSurgery"", ""geriatricsInternalMedicine"", ""gynecologyAndObstetrics"", ""infectiousDiseases"", ""internalMedicine""]",0.6875,0.4,0.5,0.6818,0.5359,0.792,0.3663,0.2543,1,27,90.0,0.155,0.14,0.3069,0.1552,0.1672,0.1976,0.6977,0.5088,0.334,0.3398,0.478,0.5241,0.4964,Adequate,Adequate,0.6323,"Density gap: 1.14/100k facilities, 0.00/100k doctors; Missing 0 critical specialties: ",6.15,-0.45,"[""URGENT: Critical physician shortage \u2014 avg < 1 doctor per facility""]",blended_mds_v12
Ashanti,v12,2026-06-11T09:29:16.896682+00:00,155,74,44,17,0,4,1,24,131,0,535,0.0,9.26,2.68,1.28,5780438,16,24,44,7,22,4,29,13,0,[],"[""anesthesia"", ""cardiology"", ""clinicalPathology"", ""criticalCareMedicine"", ""dentistry"", ""dermatology"", ""emergencyMedicine"", ""endocrinologyAndDiabetesAndMetabolism"", ""familyMedicine"", ""generalSurgery"", ""geriatricsInternalMedicine"", ""gynecologyAndObstetrics"", ""infectiousDiseases"", ""internalMedicine"", ""medicalOncology""]",0.7838,0.2,0.6757,0.6271,0.5459,0.7604,0.3319,0.2323,32,146,94.2,0.0835,0.069,0.3126,0.1647,0.129,0.1737,0.5528,0.5222,0.3201,0.3344,0.4946,0.4659,0.4831,Marginal,Marginal,0.6347,Missing 0 critical specialties: ,6.6885,-1.6244,"[""URGENT: Critical physician shortage \u2014 avg < 1 doctor per facility""]",blended_mds_v12
Brong-Ahafo,v12,2026-06-11T09:29:17.015831+00:00,27,17,7,0,0,2,1,7,20,0,238,0.0,13.8,1.57,0.99,1724847,5,6,11,3,5,3,7,1,0,[],"[""anesthesia"", ""cardiology"", ""clinicalPathology"", ""criticalCareMedicine"", ""dentistry"", ""dermatology"", ""emergencyMedicine"", ""endocrinologyAndDiabetesAndMetabolism"", ""familyMedicine"", ""gastroenterology"", ""generalSurgery"", ""globalHealthAndInternationalHealth"", ""gynecologyAndObstetrics"", ""hospiceAndPalliativeInternalMedicine"", ""infectiousDiseases""]",0.7059,0.4,0.6471,0.5417,0.587,0.82,0.2911,0.2241,2,27,100.0,0.15,0.1278,0.3518,0.2033,0.196,0.2221,0.6011,0.5306,0.3045,0.2923,0.464,0.4778,0.4695,Adequate,Adequate,0.6813,"Density gap: 1.57/100k facilities, 0.00/100k doctors; Missing 0 critical specialties: ",7.75,-0.9833,"[""URGENT: Critical physician shortage \u2014 avg < 1 doctor per facility""]",blended_mds_v12
Ahafo,v12,2026-06-11T09:29:16.532738+00:00,8,5,3,0,0,0,1,3,5,0,155,0.0,27.46,1.42,0.89,564397,1,2,5,2,2,0,1,0,0,[],"[""anesthesia"", ""cardiology"", ""clinicalPathology"", ""criticalCareMedicine"", ""dentistry"", ""emergencyMedicine"", ""generalSurgery"", ""gynecologyAndObstetrics"", ""internalMedicine"", ""maternalFetalMedicineOrPerinatology"", ""neonatologyPerinatalMedicine"", ""obstetricsAndMaternityCare"", ""ophthalmology"", ""orthopedicSurgery"", ""otolaryngology""]",0.8,0.4,0.6,0.375,0.5294,0.715,0.4013,0.2875,1,8,100.0,0.175,0.1875,0.3854,0.1935,0.2152,0.2462,0.5857,0.5375,0.3585,0.3337,0.4541,0.4904,0.4686,Adequate,Adequate,0.5989,Missing 0 critical specialties: ,6.8167,-2.4833,"[""URGENT: Critical physician shortage \u2014 avg < 1 doctor per facility"", ""MEDIUM: Mental health services absent \u2014 underserved population""]",blended_mds_v12
North East,v12,2026-06-11T09:29:16.926643+00:00,2,1,0,1,0,0,0,0,2,0,300,0.0,56.91,0.38,0.19,527170,0,1,2,0,0,0,0,0,2,"[""emergencyMedicine"", ""pediatrics""]","[""anesthesia"", ""generalSurgery"", ""gynecologyAndObstetrics"", ""internalMedicine"", ""obstetricsAndMaternityCare"", ""otolaryngology""]",1.0,1.0,0.0,0.0,0.4305,0.61,0.575,0.35,0,2,100.0,0.125,0.175,0.3542,0.5278,0.2143,0.3246,0.8339,0.64,0.3542,0.3684,0.3286,0.6196,0.445,Adequate,Adequate,0.4833,"Density gap: 0.38/100k facilities, 0.00/100k doctors; Missing 2 critical specialties: emergencyMedicine, pediatrics",10.5167,-0.35,"[""URGENT: Deploy emergency medicine capacity \u2014 zero coverage detected"", ""HIGH: Deploy paediatric care \u2014 children's health services absent"", ""URGENT: Critical physician shortage \u2014 avg < 1 doctor per facility"", ""HIGH: No ICU capacity \u2014 critical gap for complex cases"", ""MEDIUM: Mental health services absent \u2014 underserved population"", ""HIGH: Hospital density critically low \u2014 < 0.5 per 100k population"", ""URGENT: Region severely underserved \u2014 prioritise facility establishment""]",blended_mds_v12
Greater Accra,v12,2026-06-11T09:29:16.717186+00:00,420,160,156,34,0,8,3,28,392,115,1825,2.13,33.78,7.77,2.96,5401964,38,64,114,18,65,21,76,21,0,[],"[""anesthesia"", ""cardiacSurgery"", ""cardiology"", ""clinicalPathology"", ""criticalCareMedicine"", ""dentistry"", ""dermatology"", ""emergencyMedicine"", ""endocrinologyAndDiabetesAndMetabolism"", ""familyMedicine"", ""gastroenterology"", ""generalSurgery"", ""geriatricsInternalMedicine"", ""globalHealthAndInternationalHealth"", ""gynecologyAndObstetrics""]",0.7625,0.2,0.6,0.6392,0.6255,0.807,0.2379,0.1455,43,405,96.4,0.0769,0.0667,0.3525,0.1818,0.1238,0.189,0.3059,0.5008,0.25,0.2905,0.4257,0.3411,0.3919,Adequate,Adequate,0.7073,Missing 0 critical specialties: ,5.6037,-0.187,"[""Monitor \u2014 no critical access gaps identified at this time""]",blended_mds_v12
